source,brand,product,url,rating,review_text,review_date
sephora,Fenty Beauty,Pro Filt'r - 495 Very Deep Cool,https://www.sephora.com/product/pro-filtr-soft-matte-longwear-foundation-P87985432?skuId=2164689,4,Loved the scent of this foundation however I found that the formula was thin and had to add multiple layers to achieve full coverage.  It was hard to find a shade match.  Good foundation for the price and would be great for someone who doesn’t have many dark spots or blemishes to cover.,2025-10-13T01:41:11.000+00:00
sephora,Fenty Beauty,Pro Filt'r - 495 Very Deep Cool,https://www.sephora.com/product/pro-filtr-soft-matte-longwear-foundation-P87985432?skuId=2164689,5,"I've recently switched to this foundation after 25+ years of wearing another brand. It's great coverage, matte finish and the shade match is dang near perfect. I bought two bottles at one time because I loved it so much.",2025-10-07T22:12:22.000+00:00
sephora,Fenty Beauty,Pro Filt'r - 495 Very Deep Cool,https://www.sephora.com/product/pro-filtr-soft-matte-longwear-foundation-P87985432?skuId=2164689,1,"I’ve repurchased this foundation several times, but recently noticed a change in the formula. While it’s marketed as suitable for oily skin, it no longer performs as expected on my combination skin. Even with proper skincare prep and setting powder, it leaves me looking oily throughout the day. It feels heavy on the skin, settles into my laugh lines, and transfers quite easily. Unfortunately, it now feels more like a product sitting on top of my skin rather than blending in naturally.",2025-10-03T02:16:33.000+00:00
sephora,Fenty Beauty,Pro Filt'r - 495 Very Deep Cool,https://www.sephora.com/product/pro-filtr-soft-matte-longwear-foundation-P87985432?skuId=2164689,1,Super spotty/splotchy. I even made sure to use a water base primer before.,2025-09-30T12:40:27.000+00:00
sephora,Fenty Beauty,Pro Filt'r - 495 Very Deep Cool,https://www.sephora.com/product/pro-filtr-soft-matte-longwear-foundation-P87985432?skuId=2164689,5,This is the perfect full coverage foundation. I need a foundation for a special occasion and this one worked out really well. It’s easy to use and blend. It does oxidize HOWEVER if you get the right shade that doesn’t become an issue. Undertones really matter wjth this one so be mindful of that when purchasing.,2025-09-23T16:42:37.000+00:00
sephora,Fenty Beauty,Pro Filt'r - 495 Very Deep Cool,https://www.sephora.com/product/pro-filtr-soft-matte-longwear-foundation-P87985432?skuId=2164689,5,"This stuff riiight here-I friggin LOVE IT!!! I have been loyal to Estée Lauder foundation-was used at patents, catwalks, home, etc. This is MY generations foundation prototype. No other brand has come up with the PERFECT shade of foundation. FENTY gets fair black skin (even if you tan naturally from the sun, like me, there is a shade for you). I am so happy Isabella found my perfect shade. I truly can’t thank her enough.",2025-09-14T00:26:49.000+00:00
sephora,Fenty Beauty,Pro Filt'r - 495 Very Deep Cool,https://www.sephora.com/product/pro-filtr-soft-matte-longwear-foundation-P87985432?skuId=2164689,1,"Ugly, cakey, flakey, drying, heavy, separates and transfers, sticky feeling, emphasizes skin texture and flaws. Hate it hate it hate it. Not worth a penny. Straight to the trash.",2025-09-07T07:00:10.000+00:00
sephora,Fenty Beauty,Pro Filt'r - 495 Very Deep Cool,https://www.sephora.com/product/pro-filtr-soft-matte-longwear-foundation-P87985432?skuId=2164689,5,I just love me some Fenty Beauty always used liquid and powder makeup,2025-09-06T22:48:13.000+00:00
sephora,Fenty Beauty,Pro Filt'r - 495 Very Deep Cool,https://www.sephora.com/product/pro-filtr-soft-matte-longwear-foundation-P87985432?skuId=2164689,5,My skin color is a bit uneven so it’s hard to know my color but with this foundation it made me look one color and didn’t look off putting,2025-08-18T00:21:51.000+00:00
sephora,Fenty Beauty,Pro Filt'r - 495 Very Deep Cool,https://www.sephora.com/product/pro-filtr-soft-matte-longwear-foundation-P87985432?skuId=2164689,3,"I’d say this product does a great job of covering up underlying acne scars and blemishes but the consistency was a little too thick and clogging for my skin. It’s good as a longwear, heavy foundation but wouldn’t really be my go to for everyday wear",2025-08-07T14:57:48.000+00:00
sephora,Fenty Beauty,Pro Filt'r - 495 Very Deep Cool,https://www.sephora.com/product/pro-filtr-soft-matte-longwear-foundation-P87985432?skuId=2164689,5,Great makeup for mature skin . I am 51 years old Fenty for the win get you some . I love this brand . Makes me feel and look pretty,2025-07-30T10:56:21.000+00:00
sephora,Fenty Beauty,Pro Filt'r - 495 Very Deep Cool,https://www.sephora.com/product/pro-filtr-soft-matte-longwear-foundation-P87985432?skuId=2164689,1,Too orange ! Like all the shades oxidize so much it’s crazy,2025-07-29T13:58:44.000+00:00
sephora,Fenty Beauty,Pro Filt'r - 495 Very Deep Cool,https://www.sephora.com/product/pro-filtr-soft-matte-longwear-foundation-P87985432?skuId=2164689,4,"Dries quickly, gets difficult to blend. Over all a nice finish is blended properly on a good base",2025-07-20T23:14:07.000+00:00
sephora,Fenty Beauty,Pro Filt'r - 495 Very Deep Cool,https://www.sephora.com/product/pro-filtr-soft-matte-longwear-foundation-P87985432?skuId=2164689,4,seriously so good for all skin types I would say and the worth the money . love all the shade ranges too and it's buildable,2025-07-17T22:20:25.000+00:00
sephora,Fenty Beauty,Pro Filt'r - 495 Very Deep Cool,https://www.sephora.com/product/pro-filtr-soft-matte-longwear-foundation-P87985432?skuId=2164689,5,Best foundation i’ve ever used it blends right in !,2025-07-10T08:22:23.000+00:00
sephora,Fenty Beauty,Pro Filt'r - 495 Very Deep Cool,https://www.sephora.com/product/pro-filtr-soft-matte-longwear-foundation-P87985432?skuId=2164689,5,"I love how this foundation gives a natural glow without looking greasy. It feels super lightweight, lasts all day, and provides great coverage without feeling heavy. Perfect for everyday wear—definitely buying again!",2025-07-08T05:04:48.000+00:00
sephora,Fenty Beauty,Pro Filt'r - 495 Very Deep Cool,https://www.sephora.com/product/pro-filtr-soft-matte-longwear-foundation-P87985432?skuId=2164689,5,"I’ve been using this product for the past several months and it is by far my favorite foundation I’ve ever used. It is a buildable foundation, and it always makes my skin look so amazing. I am especially happy with the range of shades, as I am very pale and often times brands don’t have a light enough shade for me.",2025-06-29T14:13:31.000+00:00
sephora,Fenty Beauty,Pro Filt'r - 495 Very Deep Cool,https://www.sephora.com/product/pro-filtr-soft-matte-longwear-foundation-P87985432?skuId=2164689,5,The oxidation is great and sets to my skin tone perfectly i think ill go for the next shade down for the summer,2025-06-24T12:07:54.000+00:00
sephora,Fenty Beauty,Pro Filt'r - 495 Very Deep Cool,https://www.sephora.com/product/pro-filtr-soft-matte-longwear-foundation-P87985432?skuId=2164689,5,"I absolutely love the Fenty Pro Filt’r Soft Matte Foundation! The coverage is flawless, the finish is smooth and natural, and it truly lasts all day without feeling heavy. It blends beautifully and gives my skin that soft, airbrushed look. Hands down, one of the best foundations I’ve ever used—Rihanna really did her thing with this one!",2025-06-24T00:03:36.000+00:00
sephora,Fenty Beauty,Pro Filt'r - 495 Very Deep Cool,https://www.sephora.com/product/pro-filtr-soft-matte-longwear-foundation-P87985432?skuId=2164689,5,"I love THIS FOUNDATION SO MUCH its one of the best foundations you’ll ever use I have oily and dry combination skin so this literally works if you either skin, so amazing and it’s honestly so good 10/10 and the  price is so good too like 40$ worth it!!!!",2025-06-23T20:53:48.000+00:00
sephora,Fenty Beauty,Pro Filt'r - 495 Very Deep Cool,https://www.sephora.com/product/pro-filtr-soft-matte-longwear-foundation-P87985432?skuId=2164689,3,"Not super full coverage. It lays on nicely, but the coverage isn’t there. It’s better for those who may not have scaring or acne",2025-06-23T20:15:39.000+00:00
sephora,Fenty Beauty,Pro Filt'r - 495 Very Deep Cool,https://www.sephora.com/product/pro-filtr-soft-matte-longwear-foundation-P87985432?skuId=2164689,2,"i gave a 2 star because I like how the product feels on my skin, BUT........It claims it mattifies but I still look like a greasy chicken wing.",2025-06-18T03:27:21.000+00:00
sephora,Fenty Beauty,Pro Filt'r - 495 Very Deep Cool,https://www.sephora.com/product/pro-filtr-soft-matte-longwear-foundation-P87985432?skuId=2164689,5,"Tried the Fenty Beauty foundation today — and yes, the hype is REAL 💁🏽‍♀️🔥",2025-06-13T00:10:06.000+00:00
sephora,Fenty Beauty,Pro Filt'r - 495 Very Deep Cool,https://www.sephora.com/product/pro-filtr-soft-matte-longwear-foundation-P87985432?skuId=2164689,5,"This shade was too light for me but it feels very nice on the skin. The coverage is very nice. I believe it’s medium coverage but it covers all my dark spots and blemishes pretty well. Doesn’t leave my skin feeling dry. I like it, wish I had it in my shade",2025-06-10T20:08:24.000+00:00
sephora,Fenty Beauty,Pro Filt'r - 495 Very Deep Cool,https://www.sephora.com/product/pro-filtr-soft-matte-longwear-foundation-P87985432?skuId=2164689,5,THE BEST!!! Use a brush to apply this.. i made the mistake of trying a blender and it became super blotchy throughout the day. The brush gave a super filtered finish that lasted with the right setter ;),2025-06-09T22:48:07.000+00:00
sephora,Fenty Beauty,Pro Filt'r - 495 Very Deep Cool,https://www.sephora.com/product/pro-filtr-soft-matte-longwear-foundation-P87985432?skuId=2164689,5,"this was my love at first shade match LOL i've tried different foundations/skin tints but i just keep coming back to this. so lightweight, don't care if i use it everyday for summer cause it's actually NON-COMEDOGENIC?? I'M SOLD!",2025-06-08T06:15:00.000+00:00
sephora,Fenty Beauty,Pro Filt'r - 495 Very Deep Cool,https://www.sephora.com/product/pro-filtr-soft-matte-longwear-foundation-P87985432?skuId=2164689,5,"Gives very nice beautiful coverage, it looks so nice in person and on camera and doesn’t feel heavy at ALL",2025-06-06T21:12:53.000+00:00
sephora,Fenty Beauty,Pro Filt'r - 495 Very Deep Cool,https://www.sephora.com/product/pro-filtr-soft-matte-longwear-foundation-P87985432?skuId=2164689,5,I never write reviews but I have to say- this foundation is like a miracle if your biggest concern is oily skin like me. I live in hot humid Florida and my makeup used to melt off. This doesn’t. Buy it if primers used to laugh at you.,2025-06-05T22:04:04.000+00:00
sephora,Fenty Beauty,Pro Filt'r - 495 Very Deep Cool,https://www.sephora.com/product/pro-filtr-soft-matte-longwear-foundation-P87985432?skuId=2164689,5,"So natural, First time I purchased it in 2021 and still buy this. I would love to try more products from #Fentybeauty.",2025-05-30T12:35:45.000+00:00
sephora,Fenty Beauty,Pro Filt'r - 495 Very Deep Cool,https://www.sephora.com/product/pro-filtr-soft-matte-longwear-foundation-P87985432?skuId=2164689,5,"The hype this product is definitely worth a purchase, because the way this went on to my skin like butter and spread into my skin tone like it was my actual face?! I was shocked. A little goes a far way, and as I said, it spreads well. Just ensure you get a shade test so you buy the right color, and you are good to go!!!",2025-05-28T15:38:07.000+00:00
sephora,Fenty Beauty,Pro Filt'r - 495 Very Deep Cool,https://www.sephora.com/product/pro-filtr-soft-matte-longwear-foundation-P87985432?skuId=2164689,5,"I love this foundation so much! It is super easy to apply and blend into my skin, usually other foundations can feel cakey and too heavy on my face, but this Fenty!! So good and soft! I use shade 300 and pair it with the hourglasses concealer “Dune”",2025-05-27T19:49:07.000+00:00
sephora,Fenty Beauty,Pro Filt'r - 495 Very Deep Cool,https://www.sephora.com/product/pro-filtr-soft-matte-longwear-foundation-P87985432?skuId=2164689,3,I like the way it feels and the bottle/pump but this foundation sometimes looks very cakey and patchy and I end up just removing it and using a different one bc there’s no way I can walk out of the house like that 🥲 I think I’ll go back to my regular cheaper target foundation,2025-05-25T15:21:10.000+00:00
sephora,Fenty Beauty,Pro Filt'r - 495 Very Deep Cool,https://www.sephora.com/product/pro-filtr-soft-matte-longwear-foundation-P87985432?skuId=2164689,2,"i hate it, it’s so hard to blend and irritate my skin so bad! the coverage it’s the only thing good about this product",2025-05-25T02:47:34.000+00:00
sephora,Fenty Beauty,Pro Filt'r - 495 Very Deep Cool,https://www.sephora.com/product/pro-filtr-soft-matte-longwear-foundation-P87985432?skuId=2164689,5,I forgot to write important information in my last review. First this foundation goes on light it darkens on. Second you need to find the perfect amount for you. You only need a little. Also when I forget to shake the bottle that also makes a difference.,2025-05-20T20:08:07.000+00:00
sephora,Fenty Beauty,Pro Filt'r - 495 Very Deep Cool,https://www.sephora.com/product/pro-filtr-soft-matte-longwear-foundation-P87985432?skuId=2164689,3,"Pros: Didn’t settle in to fine lines or pores, not cakey on my already very dry skin
Cons: Oxidized from a perfect-shade-match neutral peach color to a warm orange in 3 hours. That being said I know foundations incisive more or less on different people",2025-05-16T23:28:03.000+00:00
sephora,Fenty Beauty,Pro Filt'r - 495 Very Deep Cool,https://www.sephora.com/product/pro-filtr-soft-matte-longwear-foundation-P87985432?skuId=2164689,4,"I'm so glad to have found the perfect foundation! It has great coverage that isn't too thick or heavy, and enough tones for anyone to find their perfect match. I am not a heavy makeup user, so appreciate that this gives me a natural look. The price is good for the amount of product you get, and the brand is cruelty free which is very important to me. I love this foundation and as long as they keep selling I am a life long customer!",2025-05-16T00:19:42.000+00:00
sephora,Fenty Beauty,Pro Filt'r - 495 Very Deep Cool,https://www.sephora.com/product/pro-filtr-soft-matte-longwear-foundation-P87985432?skuId=2164689,5,"I've been using this foundation for years now and it is the perfect coverage. just got ready to reorder yet again and now it's showing as no longer available.
hopefully I can find something comfortable through Sephora",2025-05-15T21:58:58.000+00:00
sephora,Fenty Beauty,Pro Filt'r - 495 Very Deep Cool,https://www.sephora.com/product/pro-filtr-soft-matte-longwear-foundation-P87985432?skuId=2164689,2,Good product but it oxidizes a lot it was way darker after 6 hours then when i put it om,2025-05-13T03:22:29.000+00:00
sephora,Fenty Beauty,Pro Filt'r - 495 Very Deep Cool,https://www.sephora.com/product/pro-filtr-soft-matte-longwear-foundation-P87985432?skuId=2164689,1,Probably one of the absolute worst foundations I've ever used. I did follow the directions about shaking it. Tried it with multiple primers tried multiple application methods and still it sat on top of my pores sunk into my fine lines.,2025-05-10T20:36:50.000+00:00
sephora,Fenty Beauty,Pro Filt'r - 495 Very Deep Cool,https://www.sephora.com/product/pro-filtr-soft-matte-longwear-foundation-P87985432?skuId=2164689,5,This actually isn’t a cool foundation-Sephora describes it as such but Fenty’s website says it’s warm with golden undertones-which it is and it’s my perfect shade. Wears very well and lightweight for the amount of coverage.,2025-05-09T17:39:02.000+00:00
sephora,Fenty Beauty,Pro Filt'r - 495 Very Deep Cool,https://www.sephora.com/product/pro-filtr-soft-matte-longwear-foundation-P87985432?skuId=2164689,5,I absolutely loved this foundation. I hope to God their not discontinuing it.,2025-05-08T11:11:14.000+00:00
sephora,Fenty Beauty,Pro Filt'r - 495 Very Deep Cool,https://www.sephora.com/product/pro-filtr-soft-matte-longwear-foundation-P87985432?skuId=2164689,5,One of my best purchases as a foundation. I really love every Fenty product but this one deserves special place in your makeup collection,2025-05-07T19:16:55.000+00:00
sephora,Fenty Beauty,Pro Filt'r - 495 Very Deep Cool,https://www.sephora.com/product/pro-filtr-soft-matte-longwear-foundation-P87985432?skuId=2164689,5,"I learned love this foundation. I have realized you need only a little, too much and it's no good. I started using it with the matching powder foundation, just to realize they are absolutely flawless together, right when they discontinued the powder. So I am hoping she relaunches some sort of matching powder again.",2025-05-06T11:13:51.000+00:00
sephora,Fenty Beauty,Pro Filt'r - 495 Very Deep Cool,https://www.sephora.com/product/pro-filtr-soft-matte-longwear-foundation-P87985432?skuId=2164689,5,"It's such a perfect fit for my dark skin. It looks pale at first. After blending it, it fit perfectly with my skin tone.",2025-05-05T02:47:31.000+00:00
sephora,Fenty Beauty,Pro Filt'r - 495 Very Deep Cool,https://www.sephora.com/product/pro-filtr-soft-matte-longwear-foundation-P87985432?skuId=2164689,5,One of the best foundations I have tried yet! Love the wear. Really is skin like and gives an amazing glow. It does have a bit of fragrance but not irritating in any way.,2025-05-05T02:38:03.000+00:00
sephora,Fenty Beauty,Pro Filt'r - 495 Very Deep Cool,https://www.sephora.com/product/pro-filtr-soft-matte-longwear-foundation-P87985432?skuId=2164689,5,The best coverage and doesn’t crack/separate. I was unsure if this would match but it did perfectly and it’s a build up foundation,2025-04-30T03:03:59.000+00:00
sephora,Fenty Beauty,Pro Filt'r - 495 Very Deep Cool,https://www.sephora.com/product/pro-filtr-soft-matte-longwear-foundation-P87985432?skuId=2164689,5,"This foundation is better then Lancôme, Haus labs, and all the nars, Armani, Patrick ta, I have tried them all and this one will forever be the one I buy over and over again it’s the best out there i promise",2025-04-28T22:10:19.000+00:00
sephora,Fenty Beauty,Pro Filt'r - 495 Very Deep Cool,https://www.sephora.com/product/pro-filtr-soft-matte-longwear-foundation-P87985432?skuId=2164689,4,I use this product daily to cover my rosacea. It provides full coverage without looking like I applied clay to my face. It stays all day!,2025-04-27T16:32:55.000+00:00
sephora,Fenty Beauty,Pro Filt'r - 495 Very Deep Cool,https://www.sephora.com/product/pro-filtr-soft-matte-longwear-foundation-P87985432?skuId=2164689,1,I just threw this product in the trash. It is terribly patchy in oxidizes and turns your face orange.,2025-04-26T17:23:50.000+00:00
sephora,Fenty Beauty,Pro Filt'r - 495 Very Deep Cool,https://www.sephora.com/product/pro-filtr-soft-matte-longwear-foundation-P87985432?skuId=2164689,1,I just threw this product in the trash. It is awful. It comes out patchy every time I apply it. I turned completely orange when it oxidizes.,2025-04-26T17:20:49.000+00:00
sephora,Fenty Beauty,Pro Filt'r - 495 Very Deep Cool,https://www.sephora.com/product/pro-filtr-soft-matte-longwear-foundation-P87985432?skuId=2164689,1,been buying this foundation for years but with this last purchase the formula seems different which is greatly noticeable on my skin in a bad way! /:,2025-04-25T04:30:01.000+00:00
sephora,Fenty Beauty,Pro Filt'r - 495 Very Deep Cool,https://www.sephora.com/product/pro-filtr-soft-matte-longwear-foundation-P87985432?skuId=2164689,5,This shade is the perfect match for me. It doesn’t crease like other foundations do and provides excellent coverage. I’m in love with its longevity as well.,2025-04-22T03:22:09.000+00:00
sephora,Fenty Beauty,Pro Filt'r - 495 Very Deep Cool,https://www.sephora.com/product/pro-filtr-soft-matte-longwear-foundation-P87985432?skuId=2164689,2,Be very mindful of skin prep before application. Chalky and cakey finish.,2025-04-19T23:07:02.000+00:00
sephora,Fenty Beauty,Pro Filt'r - 495 Very Deep Cool,https://www.sephora.com/product/pro-filtr-soft-matte-longwear-foundation-P87985432?skuId=2164689,2,"I used this trying to find a silicone based foundation, I'm pretty pale with peachy/cool undertones and thought this looked beautiful in store! I went home and tried it myself and realized it smells really weird (not good for my sensitive skin). I tried it anyways with my typical makeup routine and found out it oxidizes very badly!! It made me turn orange! I wouldn't buy again unless the formula changes.",2025-04-15T21:34:22.000+00:00
sephora,Fenty Beauty,Pro Filt'r - 495 Very Deep Cool,https://www.sephora.com/product/pro-filtr-soft-matte-longwear-foundation-P87985432?skuId=2164689,3,"The finish is very nice. I'm usually more of a luminous, glowy girl, but this is matte without being dry. The coverage is medium, it really gives your skin but better, which is totally my vibe however, my skin just doesn't like the formula. I began to break out after the first time wearing it, While out i felt my skin becoming very oily and later that day bumps, which i haven't had in years due to a round of ISoTretinoin.",2025-04-15T03:53:42.000+00:00
sephora,Fenty Beauty,Pro Filt'r - 495 Very Deep Cool,https://www.sephora.com/product/pro-filtr-soft-matte-longwear-foundation-P87985432?skuId=2164689,5,"Favorite foundation so far, upgraded from Fit Me to Fenty so far it has been a good foundation love the natural finish",2025-04-14T00:40:09.000+00:00
sephora,Fenty Beauty,Pro Filt'r - 495 Very Deep Cool,https://www.sephora.com/product/pro-filtr-soft-matte-longwear-foundation-P87985432?skuId=2164689,4,This is VERY Matte if you're not oily I wouldn't recommend this. I'm combo but found this looking super drying on my skin because it's just not a compatible formula for me. I do think the foundation is  beautiful and I love the coverage and vanilla scent.,2025-04-07T13:52:15.000+00:00
sephora,Fenty Beauty,Pro Filt'r - 495 Very Deep Cool,https://www.sephora.com/product/pro-filtr-soft-matte-longwear-foundation-P87985432?skuId=2164689,5,"Best foundation yet I’ve been using this since when it costed 32$. Still the best foundation I’ve ever used. It’s a solid product, it does what it’s supposed to do. Color range of course is another plus",2025-04-06T08:13:52.000+00:00
sephora,Fenty Beauty,Pro Filt'r - 495 Very Deep Cool,https://www.sephora.com/product/pro-filtr-soft-matte-longwear-foundation-P87985432?skuId=2164689,4,"I love love love this product! Lays beautifully with a nice soft matte finish. However, I find that sometimes I need to be mindful of the skin prep I use and how much, for example, a staple in my  is the Good Molecules and Ordinary Hyaluronic acid serums. Sometimes I find that it will pill off of my face. Another note about this foundation is how quickly it dries. I find you have to blend fairly quickly or it will not budge. All in all though, a beautiful foundation !routine",2025-03-31T23:53:31.000+00:00
sephora,Fenty Beauty,Pro Filt'r - 495 Very Deep Cool,https://www.sephora.com/product/pro-filtr-soft-matte-longwear-foundation-P87985432?skuId=2164689,5,I love this product! This helped with my oily skin and lasted throughout the whole day!,2025-03-24T05:15:46.000+00:00
sephora,Fenty Beauty,Pro Filt'r - 495 Very Deep Cool,https://www.sephora.com/product/pro-filtr-soft-matte-longwear-foundation-P87985432?skuId=2164689,3,"This product dries like a powder, so it is very important that you are well moisturized beforehand, or else it is difficult to apply",2025-03-16T13:22:55.000+00:00
sephora,Fenty Beauty,Pro Filt'r - 495 Very Deep Cool,https://www.sephora.com/product/pro-filtr-soft-matte-longwear-foundation-P87985432?skuId=2164689,1,"I did not receive my package and sephora does not want to refund or reship due to their ""policies"".",2025-03-11T12:54:33.000+00:00
sephora,Fenty Beauty,Pro Filt'r - 495 Very Deep Cool,https://www.sephora.com/product/pro-filtr-soft-matte-longwear-foundation-P87985432?skuId=2164689,5,Super light weight and a great match with my skin tone! Would totally reccommend! It's a plus if you use a primer from the same brand! Works great!!,2025-03-05T17:05:54.000+00:00
sephora,Fenty Beauty,Pro Filt'r - 495 Very Deep Cool,https://www.sephora.com/product/pro-filtr-soft-matte-longwear-foundation-P87985432?skuId=2164689,2,So I still have this foundation my only issue with it and as to why I change to a different one was because everytime I would apply it it would not stay on my face and it would separate from my skin making it so much difficult to apply,2025-03-04T12:23:44.000+00:00
sephora,Fenty Beauty,Pro Filt'r - 495 Very Deep Cool,https://www.sephora.com/product/pro-filtr-soft-matte-longwear-foundation-P87985432?skuId=2164689,1,"Even with correct skin prep this foundation separates rather right away or within an hour. It is extremely difficult to blend, as you must blend it immediately or it will literally stay in the exact place. I do not recommend.",2025-03-02T21:50:43.000+00:00
sephora,Fenty Beauty,Pro Filt'r - 495 Very Deep Cool,https://www.sephora.com/product/pro-filtr-soft-matte-longwear-foundation-P87985432?skuId=2164689,5,"I love this stuff it's great! I don't wear makeup often just date night or a special event but, when i do it gives simple, soft, light, not to much i forget i have anything on. Its oos quite a bit but, I'm not mad i see why its bomb. It just compliments my skin in all the right ways.",2025-02-28T01:08:56.000+00:00
sephora,Fenty Beauty,Pro Filt'r - 495 Very Deep Cool,https://www.sephora.com/product/pro-filtr-soft-matte-longwear-foundation-P87985432?skuId=2164689,2,"not sure if my shade match is off but no matter what I use under, it wants to settle in my pores which makes them appear more, looks cakey, separates with setting sprays and even after using fenty banana powder. I am oily but somehow still makes my skin look dry.",2025-02-27T22:40:52.000+00:00
sephora,Fenty Beauty,Pro Filt'r - 495 Very Deep Cool,https://www.sephora.com/product/pro-filtr-soft-matte-longwear-foundation-P87985432?skuId=2164689,5,Been using this for years. My go to - stays on all day and doesn’t irritate my skin. Great coverage.,2025-02-15T18:05:29.000+00:00
sephora,Fenty Beauty,Pro Filt'r - 495 Very Deep Cool,https://www.sephora.com/product/pro-filtr-soft-matte-longwear-foundation-P87985432?skuId=2164689,1,Orangey foundation. Oxidizes in seconds. Makes you look like an Oompa Loompa!!! Super disappointing!,2025-02-14T20:04:35.000+00:00
sephora,Fenty Beauty,Pro Filt'r - 495 Very Deep Cool,https://www.sephora.com/product/pro-filtr-soft-matte-longwear-foundation-P87985432?skuId=2164689,5,Makes my skin look flawlessand very lightweight.. love it!,2025-02-14T16:00:38.000+00:00
sephora,Fenty Beauty,Pro Filt'r - 495 Very Deep Cool,https://www.sephora.com/product/pro-filtr-soft-matte-longwear-foundation-P87985432?skuId=2164689,5,"I used this product over the past few months, I am very satisfied with the matte results! Personally I like to apply moisturizer as I have normal skin type for feeling more hydrated. The coverage is pretty good and long-lasting. I recommend this productt specially for oily skin type.",2025-02-12T18:07:06.000+00:00
sephora,Fenty Beauty,Pro Filt'r - 495 Very Deep Cool,https://www.sephora.com/product/pro-filtr-soft-matte-longwear-foundation-P87985432?skuId=2164689,4,I don’t really wear foundation but I did buy this one to just have one.  I love the way it doesn’t cake up under my eyes!,2025-02-12T17:15:59.000+00:00
sephora,Fenty Beauty,Pro Filt'r - 495 Very Deep Cool,https://www.sephora.com/product/pro-filtr-soft-matte-longwear-foundation-P87985432?skuId=2164689,2,I tried twice. The first I tried I felt it too thick like too heavy. My face was kind of cracked and the second time I said maybe It’s too heavy for the day so I had to go out at night and I gave it a try one more time and it was too yellow🤣 so,2025-02-12T16:24:42.000+00:00
sephora,Fenty Beauty,Pro Filt'r - 495 Very Deep Cool,https://www.sephora.com/product/pro-filtr-soft-matte-longwear-foundation-P87985432?skuId=2164689,2,I couldn’t get this to work for my skin. I am dry but exfoliate and prep well. It broke up and clings to my dry skin. Would not recommend.,2025-02-09T23:55:19.000+00:00
sephora,Fenty Beauty,Pro Filt'r - 495 Very Deep Cool,https://www.sephora.com/product/pro-filtr-soft-matte-longwear-foundation-P87985432?skuId=2164689,5,"I am a huge fan of Nars soft matte, it’s long been my holy grail and I love full coverage foundations. I got this during a sale and wasn’t expecting to really love it even though it’s a community favourite but I like it just as much as the Nars. It is full coverage but blends beautifully, it layers well and works with every product I’ve put over or under it. Once it’s set with powder it’s extremely resilient to any conditions. It’s got more of a skin like finish than the Nars I’d say and requires less of a skin prep regimen if you have dry skin. The shade range is excellent, too. I had to wear this foundation a few times before I decided I really love it, but it’s become one of my most reached for foundations. Fenty did a great job! Nars looks better in photos and on camera but in real life I’d say this foundation is the best for a fuller coverage look!",2025-02-07T17:52:19.000+00:00
sephora,Fenty Beauty,Pro Filt'r - 495 Very Deep Cool,https://www.sephora.com/product/pro-filtr-soft-matte-longwear-foundation-P87985432?skuId=2164689,1,"I’m pretty oily and have been needing a matte foundation. I’m disappointed this one didn’t work because it was a perfect match when I first applied it. Once it dried down it was a bit darker and looked orange. On top of that, it dries so quickly that it can’t be blended with any cream products and accentuates any fine lines or blemishes.",2025-02-07T06:28:47.000+00:00
sephora,Fenty Beauty,Pro Filt'r - 495 Very Deep Cool,https://www.sephora.com/product/pro-filtr-soft-matte-longwear-foundation-P87985432?skuId=2164689,1,It’s the worst foundation I’ve ever used. It’s so blend. It’s so thick and gross. I wasted my money honestly.,2025-02-03T00:52:18.000+00:00
sephora,Fenty Beauty,Pro Filt'r - 495 Very Deep Cool,https://www.sephora.com/product/pro-filtr-soft-matte-longwear-foundation-P87985432?skuId=2164689,4,I've always loved this foundation. But I take a star off because the fragrance. Don't need a fragrance. Just take it out and it will be 5 star worthy.,2025-02-01T20:26:13.000+00:00
sephora,Fenty Beauty,Pro Filt'r - 495 Very Deep Cool,https://www.sephora.com/product/pro-filtr-soft-matte-longwear-foundation-P87985432?skuId=2164689,5,This foundation is so good for oily skin and almost fully covers my rosacea,2025-01-29T01:46:52.000+00:00
sephora,Fenty Beauty,Pro Filt'r - 495 Very Deep Cool,https://www.sephora.com/product/pro-filtr-soft-matte-longwear-foundation-P87985432?skuId=2164689,5,"Ever since Fenty pulled up into the makeup scene, I’ve been a fan. I have sensitive/combo skin and this makeup lasts all day and does not smudge unless it’s makeup remover. Love the matte finish and is very great and build up of the contour and concealer of different brands.",2025-01-26T22:05:13.000+00:00
sephora,Fenty Beauty,Pro Filt'r - 495 Very Deep Cool,https://www.sephora.com/product/pro-filtr-soft-matte-longwear-foundation-P87985432?skuId=2164689,5,Best foundation I’ve ever used!!! Tried so many brands but they never blended right with my skin. Saw this on tik tok and thought why not try it and so glad I did. Very light coverage when applied correctly but still covers face well. (I struggle with dry skin but this foundation doesn’t show that) Will use this for my new daily makeup!,2025-01-25T05:01:46.000+00:00
sephora,Fenty Beauty,Pro Filt'r - 495 Very Deep Cool,https://www.sephora.com/product/pro-filtr-soft-matte-longwear-foundation-P87985432?skuId=2164689,5,"The finish is sooooo beautiful and the coverage is great. It also doesn’t make my extremely sensitive, acne prone skin to break out which is great.",2025-01-24T17:54:08.000+00:00
sephora,Fenty Beauty,Pro Filt'r - 495 Very Deep Cool,https://www.sephora.com/product/pro-filtr-soft-matte-longwear-foundation-P87985432?skuId=2164689,5,"Best foundation I’ve found so far and the pricing is not bad, my sister forgot her foundation and I let her borrow some and she loved it and is going to buy one.",2025-01-24T04:40:39.000+00:00
sephora,Fenty Beauty,Pro Filt'r - 495 Very Deep Cool,https://www.sephora.com/product/pro-filtr-soft-matte-longwear-foundation-P87985432?skuId=2164689,3,"Really wanted to like this product but unfortunately it doesn’t really blend into my skin well, no matter what primers I use beforehand :(",2025-01-20T22:45:13.000+00:00
sephora,Fenty Beauty,Pro Filt'r - 495 Very Deep Cool,https://www.sephora.com/product/pro-filtr-soft-matte-longwear-foundation-P87985432?skuId=2164689,1,"Dog poo, I looked great for the first hour then just melted off my face, ive tried multiple different applying techniques and it still looked cakey and crusty",2025-01-19T05:44:30.000+00:00
sephora,Fenty Beauty,Pro Filt'r - 495 Very Deep Cool,https://www.sephora.com/product/pro-filtr-soft-matte-longwear-foundation-P87985432?skuId=2164689,4,"I was sadly kind of underwhelmed by this. It goes on shockingly light but when it oxidizes it dries down to nearly a perfect match for my skin, but it's orange-y, which is typical for me. My undertone is very pink, and even now that many lines are carrying foundations in my shade range it's still really difficult to find something that isn't neutral/warm leaning. Since I bought this ages ago I also started using adapalene and I don't think there's any way I could use this without drying the heck out of my already-dry face. I think the formula is great if it works for your skin, and you test out the shade beforehand in-store, but if you are looking for a very light foundation with a genuinely cool undertone this isn't it.",2025-01-19T01:21:16.000+00:00
sephora,Fenty Beauty,Pro Filt'r - 495 Very Deep Cool,https://www.sephora.com/product/pro-filtr-soft-matte-longwear-foundation-P87985432?skuId=2164689,5,I love that thy have color for my skin .. I hardly get my face color . I will buy again,2025-01-18T22:09:39.000+00:00
sephora,Fenty Beauty,Pro Filt'r - 495 Very Deep Cool,https://www.sephora.com/product/pro-filtr-soft-matte-longwear-foundation-P87985432?skuId=2164689,4,The packaging was cute and the foundation didn’t have any scent to it which is good. The blend-ability is not the Best But I think it will be good for people who likes a natural glow look. The coverage was great like it kind of covered my redness and pimple skin.,2025-01-17T09:45:44.000+00:00
sephora,Fenty Beauty,Pro Filt'r - 495 Very Deep Cool,https://www.sephora.com/product/pro-filtr-soft-matte-longwear-foundation-P87985432?skuId=2164689,1,Makes my skin dry. Not long lasting. Will not buy again,2025-01-16T17:08:19.000+00:00
sephora,Fenty Beauty,Pro Filt'r - 495 Very Deep Cool,https://www.sephora.com/product/pro-filtr-soft-matte-longwear-foundation-P87985432?skuId=2164689,5,"Color matched myself based off descriptions from the line of options. Can attest that the colors you see online don’t match what’s actually in the bottle. That aside, I matched myself near perfectly to #190 and it compliments my undertone pretty well. I should also mention that this foundation holds up pretty well on my oily skin. There’s no creasing or separation. From just one day use this might be my go-to to even my skin tone and hide my acne scars. Together with the concealer they both even out everything pretty bombastically.",2025-01-15T22:49:35.000+00:00
sephora,Fenty Beauty,Pro Filt'r - 495 Very Deep Cool,https://www.sephora.com/product/pro-filtr-soft-matte-longwear-foundation-P87985432?skuId=2164689,5,"I recently got this product and fell in love. It’s very hard for me being a tan woman to find a foundation that isn’t orange or yellow. For my case it did not oxidize but even after setting powder, I noticed around 2-3 hours later it did set into my smile lines but I was doing an activity so I am not all that surprised.",2025-01-15T11:47:13.000+00:00
sephora,Fenty Beauty,Pro Filt'r - 495 Very Deep Cool,https://www.sephora.com/product/pro-filtr-soft-matte-longwear-foundation-P87985432?skuId=2164689,5,The foundation color I’m wearing is 430. I’ve taken this picture in the morning at 1 AM so I had an offer for eight hours.,2025-01-14T21:40:31.000+00:00
sephora,Fenty Beauty,Pro Filt'r - 495 Very Deep Cool,https://www.sephora.com/product/pro-filtr-soft-matte-longwear-foundation-P87985432?skuId=2164689,5,"I loveeee this foundation, it looks so nice on the skin and it’s truly giving filter. Doesn’t separate on me or get patchy. Highly recommend if you have combination skin. Get it !!",2025-01-05T17:29:32.000+00:00
sephora,Fenty Beauty,Pro Filt'r - 495 Very Deep Cool,https://www.sephora.com/product/pro-filtr-soft-matte-longwear-foundation-P87985432?skuId=2164689,1,literally the worst finishing look.  you can see the foundation patch up in your pores. I'm really bummed I purchased this.,2025-01-05T10:58:38.000+00:00
sephora,Fenty Beauty,Pro Filt'r - 495 Very Deep Cool,https://www.sephora.com/product/pro-filtr-soft-matte-longwear-foundation-P87985432?skuId=2164689,3,"This foundation is pretty good. The coverage is pretty average in comparison to other full coverage foundations. Nothing extraordinary. I don’t like how it looks over the pores on my nose, but that could be a skin issue rather than a product issue. Overall, I do like it.",2025-01-04T20:37:26.000+00:00
sephora,Fenty Beauty,Pro Filt'r - 495 Very Deep Cool,https://www.sephora.com/product/pro-filtr-soft-matte-longwear-foundation-P87985432?skuId=2164689,1,this product was sadly a miss for me it oxidation and left my skin extremely dry even with extensive skin prep my foundation was patchy and extremely cakey,2025-01-04T11:16:08.000+00:00
sephora,Fenty Beauty,Pro Filt'r - 495 Very Deep Cool,https://www.sephora.com/product/pro-filtr-soft-matte-longwear-foundation-P87985432?skuId=2164689,5,"This product is so smooth and great , love the out come. Packaging is okay but this is definitely a longggg wearing foundation!",2025-01-01T05:54:21.000+00:00
sephora,Fenty Beauty,Pro Filt'r - 495 Very Deep Cool,https://www.sephora.com/product/pro-filtr-soft-matte-longwear-foundation-P87985432?skuId=2164689,5,This is the only foundation I have found that perfectly matches my skin. It doesn’t make my skin oily or dry. It doesn’t transfer and doesn’t budge through the day. It makes my face feel soft and works well with my other products.,2024-12-26T18:33:36.000+00:00
sephora,Fenty Beauty,Pro Filt'r - 495 Very Deep Cool,https://www.sephora.com/product/pro-filtr-soft-matte-longwear-foundation-P87985432?skuId=2164689,5,"I’ve purchased this product 4 times, it is my go to!! Blends right in with my skin & it’s not too rough on my oily skin.",2024-12-26T15:36:54.000+00:00
sephora,Fenty Beauty,Pro Filt'r - 495 Very Deep Cool,https://www.sephora.com/product/pro-filtr-soft-matte-longwear-foundation-P87985432?skuId=2164689,4,This was my first time trying any of the fenty products. You can get full coverage or use half a pump to get a clean no makeup makeup look making you look put together. My face has small blemishes nothing major to cover up,2024-12-19T20:01:57.000+00:00
sephora,Fenty Beauty,Pro Filt'r - 495 Very Deep Cool,https://www.sephora.com/product/pro-filtr-soft-matte-longwear-foundation-P87985432?skuId=2164689,2,"I thought the color was nice. However, even after exfoliating it just seems to accentuate dry skin and pores. It sink into any fine lines. I have not ever used high end makeup and never had this problem before until now . I was embarrassed to be seen with it on .",2024-12-19T19:05:19.000+00:00
sephora,Fenty Beauty,Pro Filt'r - 495 Very Deep Cool,https://www.sephora.com/product/pro-filtr-soft-matte-longwear-foundation-P87985432?skuId=2164689,4,"After trying several foundations I think this finally could be the ONE for me! I've got oily mature skin and this actually stays pretty matte through the day, does not transfer (I hugged a man in a white shirt and left his shirt immaculate!). The color match & coverage is great. My only complaint is that it goes on a little sticky. I blend with my fingers but maybe it would be better to use a sponge and blot? I have rosacea and this has not caused any reaction. I've not experienced the oxidation others have remarked upon. So far so GREAT! Tower 28 is still my every day running around foundation, but this is for work and special occasions when I need to stay matte.",2024-12-19T17:19:21.000+00:00
sephora,Fenty Beauty,Pro Filt'r - 495 Very Deep Cool,https://www.sephora.com/product/pro-filtr-soft-matte-longwear-foundation-P87985432?skuId=2164689,1,"ABSOLUTELY disappointed!!! It does not stay no matter how much setting spray I use. It creases, oxidizes, smudges and looks so cakey. I had such high expectations but I will be returning!",2024-12-19T02:34:05.000+00:00
sephora,Fenty Beauty,Pro Filt'r - 495 Very Deep Cool,https://www.sephora.com/product/pro-filtr-soft-matte-longwear-foundation-P87985432?skuId=2164689,1,"This foundation oxidizes so bad, it turns orange. I do not recomend.",2024-12-18T18:54:52.000+00:00
sephora,Fenty Beauty,Pro Filt'r - 495 Very Deep Cool,https://www.sephora.com/product/pro-filtr-soft-matte-longwear-foundation-P87985432?skuId=2164689,4,"I love look, shade match & medium buildable coverage of this foundation so much BUT for some reason it has started to transfer onto my jackets. Not sure I’ll repurchase again once I run out",2024-12-14T20:33:04.000+00:00
sephora,Fenty Beauty,Pro Filt'r - 495 Very Deep Cool,https://www.sephora.com/product/pro-filtr-soft-matte-longwear-foundation-P87985432?skuId=2164689,5,"I wasnt sure this was my shade, but it is!!! It blends so well that even if the shade is off, it will still blend in while maintaining the full coverage. It is matte, however has a light glow to it. covers my hard to cover acne amazing!",2024-12-14T18:26:47.000+00:00
sephora,Fenty Beauty,Pro Filt'r - 495 Very Deep Cool,https://www.sephora.com/product/pro-filtr-soft-matte-longwear-foundation-P87985432?skuId=2164689,5,"I love this foundation. This has been the only foundation I’ve ever used my only thing, I don’t like about it is that it oxidizes and can get darker when my skin gets oily.￼",2024-12-11T02:54:31.000+00:00
sephora,Fenty Beauty,Pro Filt'r - 495 Very Deep Cool,https://www.sephora.com/product/pro-filtr-soft-matte-longwear-foundation-P87985432?skuId=2164689,5,Fell in love with Fenty all over again. Loved how good it felt on my skin and the coverage was enough. Doesn’t feel heavy on my skin and gives light brightness.,2024-12-04T03:33:26.000+00:00
sephora,Fenty Beauty,Pro Filt'r - 495 Very Deep Cool,https://www.sephora.com/product/pro-filtr-soft-matte-longwear-foundation-P87985432?skuId=2164689,4,"I love the texture but I got the wrong colour, I might need to use up the old one first and then get a new shade I prefer.",2024-11-30T02:12:34.000+00:00
sephora,Fenty Beauty,Pro Filt'r - 495 Very Deep Cool,https://www.sephora.com/product/pro-filtr-soft-matte-longwear-foundation-P87985432?skuId=2164689,3,"Pros: Ideal for evenings out (eg. dates, parties, etc). Pretty and luxurious finish. Good color matches. Good coverage.

Cons: Dries somewhat quickly (I prefer finger and/or sponge foundation application followed by a brush to smooth, so it’s harder for me to blend this formula in). Feels like makeup after short-term wear (I can only stand 2-3hrs’ worth). Whiteheads after my usual cleansing routine.",2024-11-24T19:12:17.000+00:00
sephora,Fenty Beauty,Pro Filt'r - 495 Very Deep Cool,https://www.sephora.com/product/pro-filtr-soft-matte-longwear-foundation-P87985432?skuId=2164689,4,I’m into it but I don’t notice a huge difference compared to my drugstore elf foundation lol nothing spectacular but it’s good none the less I think I have to find better prep and powder products to really see it’s potential I like the feel of it it’s not super tacky and slippery,2024-11-24T02:34:58.000+00:00
sephora,Fenty Beauty,Pro Filt'r - 495 Very Deep Cool,https://www.sephora.com/product/pro-filtr-soft-matte-longwear-foundation-P87985432?skuId=2164689,3,"I’ve been using this foundation for almost a year, on my second bottle. I liked it initially but i feel like its not working for me anymore. It has almost no staying power, and after a few hours it has only accentuated my flaws.",2024-11-23T20:50:31.000+00:00
sephora,Fenty Beauty,Pro Filt'r - 495 Very Deep Cool,https://www.sephora.com/product/pro-filtr-soft-matte-longwear-foundation-P87985432?skuId=2164689,5,"I feel like I've never personally found a perfect product for myself, but this is a pretty darn close. it doesn't leave my face looking cakey. it last all day. I love the coverage.",2024-11-23T00:15:12.000+00:00
sephora,Fenty Beauty,Pro Filt'r - 495 Very Deep Cool,https://www.sephora.com/product/pro-filtr-soft-matte-longwear-foundation-P87985432?skuId=2164689,1,After skin prep and all my make up steps it was so patchy. Had high hopes.,2024-11-13T11:00:53.000+00:00
sephora,Fenty Beauty,Pro Filt'r - 495 Very Deep Cool,https://www.sephora.com/product/pro-filtr-soft-matte-longwear-foundation-P87985432?skuId=2164689,5,No no oh my god this one is the one I love it fr fr when I say I love this lol trust me is perfect,2024-11-13T02:05:16.000+00:00
sephora,Fenty Beauty,Pro Filt'r - 495 Very Deep Cool,https://www.sephora.com/product/pro-filtr-soft-matte-longwear-foundation-P87985432?skuId=2164689,4,"I looveee the finish of this foundation. Even though it’s a medium-high coverage it looks very natural on my oily skin- not too dewy not too matte. It also lasts the whole day. I took off one star because it oxidizes and changes colors throughout the day which doesn’t look great, so maybe pick one shade lighter. I would still repurchase because it’s the only foundation I reach out for at this point",2024-11-10T18:53:49.000+00:00
sephora,Fenty Beauty,Pro Filt'r - 495 Very Deep Cool,https://www.sephora.com/product/pro-filtr-soft-matte-longwear-foundation-P87985432?skuId=2164689,5,The best foundation I have ever used. I try other bands but none can compare.,2024-11-09T00:54:20.000+00:00
sephora,Fenty Beauty,Pro Filt'r - 495 Very Deep Cool,https://www.sephora.com/product/pro-filtr-soft-matte-longwear-foundation-P87985432?skuId=2164689,5,"I finally got the full size after using samples a few times, and it’s the perfect product for me! I have dry skin, especially in the winter, but it doesn’t come across as flaky on me at all. The only issue is it oxidizing, but if you use samples to find your long-wear shade before buying a full size, it’s not a problem. highly recommend:)",2024-11-06T16:26:26.000+00:00
sephora,Fenty Beauty,Pro Filt'r - 495 Very Deep Cool,https://www.sephora.com/product/pro-filtr-soft-matte-longwear-foundation-P87985432?skuId=2164689,4,Love this truly matte foundation. It’s long lasting and feels very nice on skin. I wish there was some SPF in the product that’s why I gave only 4 stars but I have been using this foundation since 2021.,2024-11-05T17:16:41.000+00:00
sephora,Fenty Beauty,Pro Filt'r - 495 Very Deep Cool,https://www.sephora.com/product/pro-filtr-soft-matte-longwear-foundation-P87985432?skuId=2164689,5,"MY GO TO! I love this foundation, it applies smoothly. I don’t use any other foundation",2024-11-01T23:04:26.000+00:00
sephora,Fenty Beauty,Pro Filt'r - 495 Very Deep Cool,https://www.sephora.com/product/pro-filtr-soft-matte-longwear-foundation-P87985432?skuId=2164689,4,looks natural and is a nice foundation.  would buy again because it wore well.,2024-10-26T14:44:45.000+00:00
sephora,Fenty Beauty,Pro Filt'r - 495 Very Deep Cool,https://www.sephora.com/product/pro-filtr-soft-matte-longwear-foundation-P87985432?skuId=2164689,5,This makeup is so awesome! Goes on so good in new to the makeup world and I want a smooth finish but light weight and I love this,2024-10-26T13:31:09.000+00:00
sephora,Fenty Beauty,Pro Filt'r - 495 Very Deep Cool,https://www.sephora.com/product/pro-filtr-soft-matte-longwear-foundation-P87985432?skuId=2164689,5,I have oily and sensitive skin combo. I have been wearing this the past week or two now and I haven't had a single break out. I'm acne prone as well. I was recommended this foundation by my grandma! I normally experience creasing but haven't had creasing(I'm not even baking just wearing the foundation) flawlessss!! When picking a shade just know it does oxidize so if you're looking at getting it keep that in mind. Other than that I will not be cheating on this foundation❤️,2024-10-25T19:34:30.000+00:00
sephora,Fenty Beauty,Pro Filt'r - 495 Very Deep Cool,https://www.sephora.com/product/pro-filtr-soft-matte-longwear-foundation-P87985432?skuId=2164689,5,"For as long as I've worn makeup, finding a foundation that didn't make me look like a rotisserie chicken or a spray tan gone wrong was basically impossible. I have pale and cool-toned skin, so almost every color I tried for so long was either too dark, too orange, or both. Some brands' shade ranges were so limited that I'd just have to buy the lightest shade they offered, whatever it was, and pray for the best. This foundation has been a life-changer for me. Not only is Fenty's shade range impressively inclusive for both pale and deep skin tones, but they also include the undertone of each shade, which I never remember seeing when I first started buying makeup over a decade ago. This foundation might be the first one I've ever tried that matched my neck color so perfectly. The matte formula feels great too, and lasts all day. A little goes a long way, so don't worry about the price too much; I usually only have to buy one bottle a year at most (depends on how often you wear makeup, of course). I want to try Fenty's concealer next just because the color works so well and it seems like this brand uses the same shades across most, if not all, their face makeup formulas.",2024-10-25T06:18:10.000+00:00
sephora,Fenty Beauty,Pro Filt'r - 495 Very Deep Cool,https://www.sephora.com/product/pro-filtr-soft-matte-longwear-foundation-P87985432?skuId=2164689,5,"In LOVE with this product! it feels amazing while giving amazing coverage! The smell is amazing, the coverage is amazing, and it feels so lightweight! 10/10 Recommend this foundation! I have started using this product since it came out and have not turned back! it does have color transfer so definitely be careful with that but other than that it is amazing",2024-10-22T15:01:27.000+00:00
sephora,Fenty Beauty,Pro Filt'r - 495 Very Deep Cool,https://www.sephora.com/product/pro-filtr-soft-matte-longwear-foundation-P87985432?skuId=2164689,5,"AMAZIINNGG I love you Rihanna 🫶 I have been a fan of Fenty Beauty since its release. I absolutely LOVEEE this foundation, it’s been my go-to for the longest time. It’s a bit on the pricey side, but the product itself is amazing.",2024-10-21T14:21:19.000+00:00
sephora,Fenty Beauty,Pro Filt'r - 495 Very Deep Cool,https://www.sephora.com/product/pro-filtr-soft-matte-longwear-foundation-P87985432?skuId=2164689,1,My skin is smooth and looks good without makeup but this foundation looks cakey just after applying. It just makes an illusion that I have some little bumps and hair on skin? woah one of the worst foundations. I'm still pretty young (23 yo) and it makes me look old cause it creates wrinkles especially on my forehead. Huda Beauty Easy Blur is the best buy that one istead of Fenty!,2024-10-18T14:02:11.000+00:00
sephora,Fenty Beauty,Pro Filt'r - 495 Very Deep Cool,https://www.sephora.com/product/pro-filtr-soft-matte-longwear-foundation-P87985432?skuId=2164689,5,Sis run to grab yours. It’s cheaper and you get top notch quality. But duh of course cause it’s by Rhianna. It apply so smooth like butter on my skin. Don’t look oily or ashy. It’s perfect. I’m a 385,2024-10-18T03:00:00.000+00:00
sephora,Fenty Beauty,Pro Filt'r - 495 Very Deep Cool,https://www.sephora.com/product/pro-filtr-soft-matte-longwear-foundation-P87985432?skuId=2164689,2,"I am not loving the results.  This foundation breaks up a lot on my face and shows every amount of texture I have.  Which I have pretty good skin.  But with this foundation it makes me look very old.  I’m 36 not that old btw.  
I even bought the primer to go with it and it honestly doesn’t help whatsoever. I’ve tried with a sponge and a brush and still no change.  Very sad cause I really wanted to like it.",2024-10-16T16:30:30.000+00:00
sephora,Fenty Beauty,Pro Filt'r - 495 Very Deep Cool,https://www.sephora.com/product/pro-filtr-soft-matte-longwear-foundation-P87985432?skuId=2164689,5,"I love this foundation it lightweight, great coverage.",2024-10-15T21:21:33.000+00:00
sephora,Fenty Beauty,Pro Filt'r - 495 Very Deep Cool,https://www.sephora.com/product/pro-filtr-soft-matte-longwear-foundation-P87985432?skuId=2164689,3,It has great coverage but I feel like its a bit heavy and breaks me out.,2024-10-11T20:28:14.000+00:00
sephora,Fenty Beauty,Pro Filt'r - 495 Very Deep Cool,https://www.sephora.com/product/pro-filtr-soft-matte-longwear-foundation-P87985432?skuId=2164689,4,I really love this foundation especially because it matches my very specific shade preferences and finish. It’s definetely full coverage without looking too cakey. It does dry out my skin a little bit but it’s nothing a good skin prep can’t fix.,2024-10-11T17:22:35.000+00:00
sephora,Fenty Beauty,Pro Filt'r - 495 Very Deep Cool,https://www.sephora.com/product/pro-filtr-soft-matte-longwear-foundation-P87985432?skuId=2164689,5,"Unfortunately this foundation was not my shade, so I was not able to give a review. I can not say how the foundation looked on the skin or how it wore through the day",2024-10-11T17:11:33.000+00:00
sephora,Fenty Beauty,Pro Filt'r - 495 Very Deep Cool,https://www.sephora.com/product/pro-filtr-soft-matte-longwear-foundation-P87985432?skuId=2164689,1,It’s not long wear. Comes off in a couple hours and makes my skin look patchy. I have the concealer which I love and figured this would be a perfect match. Looks good for 2 hours max,2024-10-09T14:02:46.000+00:00
sephora,Fenty Beauty,Pro Filt'r - 495 Very Deep Cool,https://www.sephora.com/product/pro-filtr-soft-matte-longwear-foundation-P87985432?skuId=2164689,1,Super white. I used the find your shade feature and got the color totally wrong.,2024-10-08T12:59:08.000+00:00
sephora,Fenty Beauty,Pro Filt'r - 495 Very Deep Cool,https://www.sephora.com/product/pro-filtr-soft-matte-longwear-foundation-P87985432?skuId=2164689,3,"I wore a light layer and it sat nicely on the skin after powder. I wore this to work and it did not last. I was oily on my nose and some foundation had already came off.
There was a LOT of separation on my chin, emphasizing of texture, and creasing. 
Not cute. Don’t recommend. 
Try and buy at your own risk!",2024-10-08T04:46:00.000+00:00
sephora,Fenty Beauty,Pro Filt'r - 495 Very Deep Cool,https://www.sephora.com/product/pro-filtr-soft-matte-longwear-foundation-P87985432?skuId=2164689,5,This product really does leave a soft and natural finish. I personally go in with a light application and still gives amazing coverage leaving the skin still looking like natural skin. Foundation is also  buildable if more coverage is preferred without looking cakey. The shade range is also amazing!,2024-10-07T17:22:18.000+00:00
sephora,Fenty Beauty,Pro Filt'r - 495 Very Deep Cool,https://www.sephora.com/product/pro-filtr-soft-matte-longwear-foundation-P87985432?skuId=2164689,1,this stuff is so bad. I switched to it cosmetics CC cream foundation it's much better. this stuff dries out your skin so bad and makes you look disgusting,2024-10-06T02:22:52.000+00:00
sephora,Fenty Beauty,Pro Filt'r - 495 Very Deep Cool,https://www.sephora.com/product/pro-filtr-soft-matte-longwear-foundation-P87985432?skuId=2164689,5,After using this product it keeps my skin light and hydrated if you have a dry skin this balances out the moisture well into ur skin. I am completely happy with the product,2024-10-03T01:36:09.000+00:00
sephora,Fenty Beauty,Pro Filt'r - 495 Very Deep Cool,https://www.sephora.com/product/pro-filtr-soft-matte-longwear-foundation-P87985432?skuId=2164689,5,"This is my go to foundation, it’s affordable, it’s buildable, it’s functional asf!!!! Stays on! Doesn’t sweat off, and is very blendable!",2024-10-02T23:49:15.000+00:00
sephora,Fenty Beauty,Pro Filt'r - 495 Very Deep Cool,https://www.sephora.com/product/pro-filtr-soft-matte-longwear-foundation-P87985432?skuId=2164689,2,"I love the product but I have broken the bottle twice which has not happened with another foundation. The packaging is heavy and glass. So, it breaks easily if you drop it. 
It",2024-10-02T17:53:19.000+00:00
sephora,Fenty Beauty,Pro Filt'r - 495 Very Deep Cool,https://www.sephora.com/product/pro-filtr-soft-matte-longwear-foundation-P87985432?skuId=2164689,1,"This foundation is not long wearing. After an hour or two, it is completely cakey and patchy. I have oily skin, but this foundation clings on to any drier areas and separates. I love most/all fenty makeup products but I could not reccomend this",2024-10-01T02:50:18.000+00:00
sephora,Fenty Beauty,Pro Filt'r - 495 Very Deep Cool,https://www.sephora.com/product/pro-filtr-soft-matte-longwear-foundation-P87985432?skuId=2164689,5,I love this foundation it is the perfect match for my complexion,2024-09-30T17:10:42.000+00:00
sephora,Fenty Beauty,Pro Filt'r - 495 Very Deep Cool,https://www.sephora.com/product/pro-filtr-soft-matte-longwear-foundation-P87985432?skuId=2164689,5,"perfect foundation, a little goes a long way & color is a perfect match.",2024-09-27T21:23:25.000+00:00
sephora,Fenty Beauty,Pro Filt'r - 495 Very Deep Cool,https://www.sephora.com/product/pro-filtr-soft-matte-longwear-foundation-P87985432?skuId=2164689,4,"Pros: 

- They have a great color selection so you're bound to find 
your perfect shade. 
- The coverage is medium to full depending on your 
application. 
- It is long lasting even without primer or a setting spray. 

Cons:
- Depending on your application, it can streak and look cakey. 

For reference, I have mature oily acne prone skin with some acne scarring on my cheeks. And I've found that it's best to method of application for this foundation is to apply it with a flat foundation brush in downward strokes for a seamless application. Other brushes and methods did not work for this foundation except for this one. I also found two pumps of foundation gave me a very even and full coverage application and it applied more evenly without the need of a primer. Overall, I've been wearing this foundation for a solid six months and it's performed extremely well, especially in the hot humid months here in the Midwest. Even through excessive sweating and a downpour it still held up.",2024-09-26T01:22:44.000+00:00
sephora,Fenty Beauty,Pro Filt'r - 495 Very Deep Cool,https://www.sephora.com/product/pro-filtr-soft-matte-longwear-foundation-P87985432?skuId=2164689,5,This is a really nice foundation! It works so well for my skin and has great coverage. The packaging makes it easy to use and the scent isn’t over powering!,2024-09-25T15:47:57.000+00:00
sephora,Fenty Beauty,Pro Filt'r - 495 Very Deep Cool,https://www.sephora.com/product/pro-filtr-soft-matte-longwear-foundation-P87985432?skuId=2164689,5,It has total coverage that is buildable. I thought it seemed very breathable with a Matte finish. The shade match was spot on going into deeper colors for darker complexions. It did an excellent job and achieving red undertones which present a problem for my skin because I have Indian in me. I loved the way it made my skin look!,2024-09-25T02:16:51.000+00:00
sephora,Fenty Beauty,Pro Filt'r - 495 Very Deep Cool,https://www.sephora.com/product/pro-filtr-soft-matte-longwear-foundation-P87985432?skuId=2164689,5,"The quality of the product is nice, matte, perfect for oily skin, lasts a long time.",2024-09-23T16:11:58.000+00:00
sephora,Fenty Beauty,Pro Filt'r - 495 Very Deep Cool,https://www.sephora.com/product/pro-filtr-soft-matte-longwear-foundation-P87985432?skuId=2164689,5,"I was using make up forever for my foundation for years but they kept changing their formula and shade colors and I could never find anything close to what I used to use. After giving them multiple chances and being disappointed with each one I decided it was time to try something new. I decided to try Fenty and I'm so glad I did, it looks so much more natural, not cakey at all and I don't have to mix colors together to get my shade anymore, it's perfect straight out the bottle!",2024-09-23T12:53:32.000+00:00
sephora,Fenty Beauty,Pro Filt'r - 495 Very Deep Cool,https://www.sephora.com/product/pro-filtr-soft-matte-longwear-foundation-P87985432?skuId=2164689,4,I really do like this product. I have very dry skin and combo around the t zone. For dry skin it doesn’t look too bad on the skin even though it’s matte it seems to have some airbrush quality to make it look soft close up.,2024-09-22T20:58:43.000+00:00
sephora,Fenty Beauty,Pro Filt'r - 495 Very Deep Cool,https://www.sephora.com/product/pro-filtr-soft-matte-longwear-foundation-P87985432?skuId=2164689,5,The coverage is amazing and it feels like you have barely anything in your skin and the packaging is so cute and it has a soft but full coverage finish!,2024-09-21T02:44:03.000+00:00
sephora,Fenty Beauty,Pro Filt'r - 495 Very Deep Cool,https://www.sephora.com/product/pro-filtr-soft-matte-longwear-foundation-P87985432?skuId=2164689,5,I love this foundation so much. It is light weight feeling when we use it. It is medium coverage who wants nature looking. It is not cakey and the pack is so fancy looking.,2024-09-21T02:40:36.000+00:00
sephora,Fenty Beauty,Pro Filt'r - 495 Very Deep Cool,https://www.sephora.com/product/pro-filtr-soft-matte-longwear-foundation-P87985432?skuId=2164689,5,I have yet to find a color match this good! Rihanna and her team did a good one with this. I went in store to get a color match and haven’t turned back since. Doesn’t have a scent which I love and makes my skin flawless.,2024-09-19T22:47:09.000+00:00
sephora,Fenty Beauty,Pro Filt'r - 495 Very Deep Cool,https://www.sephora.com/product/pro-filtr-soft-matte-longwear-foundation-P87985432?skuId=2164689,5,"I loved it! I've used it for a couple of weeks and the result is luminous skin, it's fantastic. It moisturizes the skin without leaving it greasy. I have some sun spots and it perfectly covered them with a natural and long-lasting result, even if it's a sunny day at the beach. The tone is perfect. It's a luxurious and quality foundation. It is easy to apply. The scent is good. Highly recommended.",2024-09-19T03:20:02.000+00:00
sephora,Fenty Beauty,Pro Filt'r - 495 Very Deep Cool,https://www.sephora.com/product/pro-filtr-soft-matte-longwear-foundation-P87985432?skuId=2164689,5,"After using this product over a month now .I am loving it no touch up,it last the entire day and your face is still fauless..Never going back to my previous product..",2024-09-19T01:18:31.000+00:00
sephora,Fenty Beauty,Pro Filt'r - 495 Very Deep Cool,https://www.sephora.com/product/pro-filtr-soft-matte-longwear-foundation-P87985432?skuId=2164689,5,"I wore this for an event from morning to night and this foundation lasted the whole time! I had a few greasy areas, but I patted them away. I love the packaging on this foundation it’s very smooth and has a glass texture. As for the smell I’m not a fan since it smells mostly like chemicals, but very easy to not notice.",2024-09-16T20:21:53.000+00:00
sephora,Fenty Beauty,Pro Filt'r - 495 Very Deep Cool,https://www.sephora.com/product/pro-filtr-soft-matte-longwear-foundation-P87985432?skuId=2164689,4,"This is a great foundation if you have true oily skin. The finish is a full coverage, matte look. Best applied with a sponge. The con is it dries down darker and more yellow.",2024-09-16T05:18:50.000+00:00
sephora,Fenty Beauty,Pro Filt'r - 495 Very Deep Cool,https://www.sephora.com/product/pro-filtr-soft-matte-longwear-foundation-P87985432?skuId=2164689,1,"I used this item for the first time yesterday, I don’t ever wear foundation. I wore it for 6 hours and it was perfect!!! 
This morning though, i woke up with pimples / blisters on my face, blisters o",2024-09-13T04:35:15.000+00:00
sephora,Fenty Beauty,Pro Filt'r - 495 Very Deep Cool,https://www.sephora.com/product/pro-filtr-soft-matte-longwear-foundation-P87985432?skuId=2164689,2,"Shade range is awesome!!! However...... the formula is very drying and only accentuated the texture of my skin, settling in pores and showcasing any dry patches I have. I would suggest this foundation only for those with oily skin, stay away if you have dry or combination skin.",2024-09-13T02:07:59.000+00:00
sephora,Fenty Beauty,Pro Filt'r - 495 Very Deep Cool,https://www.sephora.com/product/pro-filtr-soft-matte-longwear-foundation-P87985432?skuId=2164689,5,"I love this foundation, my skin is super picky and sensitive. It wears all day and doesn’t crease like other foundations. A little goes a long way and i’ve been a favourite for more than 2 years now. Wore this on my wedding day too!! The filter blurring is a plus, makes my skin look so good. Thank You!!",2024-09-12T20:39:29.000+00:00
sephora,Fenty Beauty,Pro Filt'r - 495 Very Deep Cool,https://www.sephora.com/product/pro-filtr-soft-matte-longwear-foundation-P87985432?skuId=2164689,5,This is my first Fenty face product so I was super excited to try it out! I tried it as soon as I received it and fell in love. It gives full coverage without feeling heavy. It blended perfectly and left no patches. It also lasted all day and my skin felt comfortable. The packaging is beautiful like all Fenty products.,2024-09-10T18:33:59.000+00:00
sephora,Fenty Beauty,Pro Filt'r - 495 Very Deep Cool,https://www.sephora.com/product/pro-filtr-soft-matte-longwear-foundation-P87985432?skuId=2164689,3,"Looks good on, but this foundation is very drying.",2024-09-10T16:30:27.000+00:00
sephora,Fenty Beauty,Pro Filt'r - 495 Very Deep Cool,https://www.sephora.com/product/pro-filtr-soft-matte-longwear-foundation-P87985432?skuId=2164689,5,"I liked this product for the day use. The coverage is not heavy, and the finishing is very natural making the foundation looks like your own skin. There is no scent, and this is a plus for me.  The package is very cute and different of some foundation the way of apply is very simple, just pour some with the turbe in your face and spread with a sponge or Mack up brush.",2024-09-10T16:13:32.000+00:00
sephora,Fenty Beauty,Pro Filt'r - 495 Very Deep Cool,https://www.sephora.com/product/pro-filtr-soft-matte-longwear-foundation-P87985432?skuId=2164689,5,This product I tried in the store and purchased it - it’s amazing. I’ve tried other liquid foundations and they can’t compare. Fenty goes on so light and it feels like you don’t have makeup on.,2024-09-09T19:14:14.000+00:00
sephora,Fenty Beauty,Pro Filt'r - 495 Very Deep Cool,https://www.sephora.com/product/pro-filtr-soft-matte-longwear-foundation-P87985432?skuId=2164689,5,"This is definitely a new favorite for me! I know this foundation has been out for a while and don’t know why I haven’t tried, but I’m so glad I did now!! I’m 43 years old and I was skeptical on how it will sit on my skin. Well, baby, I was shook! I love how it feels. Doesn’t feel  and look cakey. It’s long wearing (work 10 hrs a day). Just absolutely live!",2024-09-09T13:11:52.000+00:00
sephora,Fenty Beauty,Pro Filt'r - 495 Very Deep Cool,https://www.sephora.com/product/pro-filtr-soft-matte-longwear-foundation-P87985432?skuId=2164689,3,I wanted to love this foundation but to me it looked very dry on my skin. The bottle kept leaking and creating a mess too. The color is a perfect match and i love the shade range but it is just not for me,2024-09-07T18:03:15.000+00:00
sephora,Fenty Beauty,Pro Filt'r - 495 Very Deep Cool,https://www.sephora.com/product/pro-filtr-soft-matte-longwear-foundation-P87985432?skuId=2164689,4,"I had purchased this foundation a while ago in ulta and had returned it due to a shade mismatch. When I saw that Influenster was sending them- I was a little skeptical but the shade match was spot on! The foundation is light weight, really blends well into the skin and feels like skin! You get this sunkissed glow that’s absolutely radiant! Definitely gonna use this one often!",2024-09-06T01:06:10.000+00:00
sephora,Fenty Beauty,Pro Filt'r - 495 Very Deep Cool,https://www.sephora.com/product/pro-filtr-soft-matte-longwear-foundation-P87985432?skuId=2164689,5,"Gorgeous foundation! Love the finish , coverage and how light it feels on the skin!! Fenty always nails their neutral colors !! Beautiful undertones . 10/10 bravo fenty",2024-09-05T16:09:11.000+00:00
sephora,Fenty Beauty,Pro Filt'r - 495 Very Deep Cool,https://www.sephora.com/product/pro-filtr-soft-matte-longwear-foundation-P87985432?skuId=2164689,5,"This foundation works well.  Great color match for my skin.   Blends easily, but doesn’t come off easily after it dries.",2024-09-04T18:07:58.000+00:00
sephora,Fenty Beauty,Pro Filt'r - 495 Very Deep Cool,https://www.sephora.com/product/pro-filtr-soft-matte-longwear-foundation-P87985432?skuId=2164689,5,I had to give it a try a few days and let me tell you fenty never disappoints! Application goes on smoothly and it has a great formula coverage is great and doesn’t crack over the day,2024-09-04T17:38:21.000+00:00
sephora,Fenty Beauty,Pro Filt'r - 495 Very Deep Cool,https://www.sephora.com/product/pro-filtr-soft-matte-longwear-foundation-P87985432?skuId=2164689,5,"Fenty Beauty's Soft Matte Longwear Foundation is a soft-matte finish that offers medium to full coverage. Its natural, slightly luminous glow, making it ideal for those who want a radiant but not overly dewy look. foundation is praised for its wide shade range, catering to various skin tones, which is a hallmark of Fenty Beauty
Its lightweight formula is comfortable to wear throughout the day, and it helps blur imperfections while still allowing the skin to breathe. However, those might find it necessary to set it with a powder to prevent shine, and those with dry skin should ensure their skin is well-moisturized before application to avoid any potential patchiness.
Overall, it's a versatile foundation that suits many skin types and delivers a polished, natural finish.",2024-09-04T16:35:44.000+00:00
sephora,Fenty Beauty,Pro Filt'r - 495 Very Deep Cool,https://www.sephora.com/product/pro-filtr-soft-matte-longwear-foundation-P87985432?skuId=2164689,5,"Unfortunately I choose the wrong Shade of this fenty foundation, luckily I have used this before and I enjoy it!I am able to regift this to my sister in law for her birthday! But the foundation itself is a beautiful look with a matte finish!",2024-09-04T01:31:49.000+00:00
sephora,Fenty Beauty,Pro Filt'r - 495 Very Deep Cool,https://www.sephora.com/product/pro-filtr-soft-matte-longwear-foundation-P87985432?skuId=2164689,3,This foundation has a natural finish while still providing good coverage. I love the bottle and the pump which ones made it so easy to apply the perfect amount. The formula feels light and leaves me looking glowing all day long. The packaging is simple but looks so impressive. I love it! Thank you for letting me try this product!,2024-09-03T16:50:27.000+00:00
sephora,Fenty Beauty,Pro Filt'r - 495 Very Deep Cool,https://www.sephora.com/product/pro-filtr-soft-matte-longwear-foundation-P87985432?skuId=2164689,5,"This foundation offers you, coverage, quality, good appearance and it is all that is good in this life, you should really try it to live the best experience, I usually have combination skin and not coartea, I recommend it.",2024-09-03T03:27:27.000+00:00
sephora,Fenty Beauty,Pro Filt'r - 495 Very Deep Cool,https://www.sephora.com/product/pro-filtr-soft-matte-longwear-foundation-P87985432?skuId=2164689,4,I love this brand and this gives full coverage.The packaging looks great. It blends nicely and shades matches quite well with my skin tone. Worth the try.,2024-09-03T03:24:29.000+00:00
sephora,Fenty Beauty,Pro Filt'r - 495 Very Deep Cool,https://www.sephora.com/product/pro-filtr-soft-matte-longwear-foundation-P87985432?skuId=2164689,5,This product has wonderful coverage. I am able to cover my freckles and redness after one application of this foundation. It is long lasting and works all day long! I would purchase this product again.,2024-09-02T17:33:07.000+00:00
sephora,Fenty Beauty,Pro Filt'r - 495 Very Deep Cool,https://www.sephora.com/product/pro-filtr-soft-matte-longwear-foundation-P87985432?skuId=2164689,5,"Today is the first day I tried this product, and I love it.  I have make-up on but it doesn't look like I am wearing any.  The coverage is great.  It does not stay in my fine wrinkles and my face feels amazing.  All of my other products are now in the trash!",2024-09-01T19:26:57.000+00:00
sephora,Fenty Beauty,Pro Filt'r - 495 Very Deep Cool,https://www.sephora.com/product/pro-filtr-soft-matte-longwear-foundation-P87985432?skuId=2164689,1,Did not work on my skin type… I tired with and without primer and the foundation still pilled… I tried this foundation on it’s own with no other products and it still did not work for me,2024-08-31T02:22:14.000+00:00
sephora,Fenty Beauty,Pro Filt'r - 495 Very Deep Cool,https://www.sephora.com/product/pro-filtr-soft-matte-longwear-foundation-P87985432?skuId=2164689,5,"I loved the foundation, it's very liquid and blends super easily, it feels soft on the skin, I don't know if it's all the shades but mine in particular which is 385N was a little mamey, the applicator is perfect and the packaging has enough product so it's totally worth it and it looks super glowy on the skin.",2024-08-31T00:22:29.000+00:00
sephora,Fenty Beauty,Pro Filt'r - 495 Very Deep Cool,https://www.sephora.com/product/pro-filtr-soft-matte-longwear-foundation-P87985432?skuId=2164689,5,"I really like this foundation I think that the coverage is really great and it doesn’t feel too heavy on the skin. I like it the finish on this isn’t too shiny and that it’s very natural looking as well. Overall, I really like this foundation I think that it looks really skin like and I think that it lasts for a long time. I definitely recommend this foundation even though it’s on the pricier side ￼",2024-08-30T20:03:12.000+00:00
sephora,Fenty Beauty,Pro Filt'r - 495 Very Deep Cool,https://www.sephora.com/product/pro-filtr-soft-matte-longwear-foundation-P87985432?skuId=2164689,5,"this was not color so I gave it to my friend, she said she likes it!
Medium to full coverage
Soft matte
Long wear that's buidable
Diffuses the look of pores
Sweat and humidity proof
For all skin types, (best for normal to oily)
Great range of skin shades",2024-08-30T16:16:15.000+00:00
sephora,Fenty Beauty,Pro Filt'r - 495 Very Deep Cool,https://www.sephora.com/product/pro-filtr-soft-matte-longwear-foundation-P87985432?skuId=2164689,5,"it exceeded my expectations! The coverage is fantastic, providing a smooth and even finish without feeling heavy. luminous glow that lasts all day. I love Highly recommend this foundation for anyone looking to achieve a radiant and long-lasting look!",2024-08-30T07:34:31.000+00:00
sephora,Fenty Beauty,Pro Filt'r - 495 Very Deep Cool,https://www.sephora.com/product/pro-filtr-soft-matte-longwear-foundation-P87985432?skuId=2164689,5,This foundation clings to the skin just right. It gave full coverage and doesn’t smell at all. It leave a matte finish and the packaging was super cute,2024-08-29T22:15:20.000+00:00
sephora,Fenty Beauty,Pro Filt'r - 495 Very Deep Cool,https://www.sephora.com/product/pro-filtr-soft-matte-longwear-foundation-P87985432?skuId=2164689,5,"I really liked it.
I received it thanks to Influenster.

It has good coverage.
The tone is perfect.
It has no scent, I liked that.
The packaging is very pretty.
The finish is not matte yet and I loved that.
It can be perfectly used on all skin types, both oily and dry.

I recommend it.",2024-08-29T15:32:30.000+00:00
sephora,Fenty Beauty,Pro Filt'r - 495 Very Deep Cool,https://www.sephora.com/product/pro-filtr-soft-matte-longwear-foundation-P87985432?skuId=2164689,5,i really enjoy this foundation. it’s light and goes into my skin flawlessly,2024-08-28T21:34:40.000+00:00
sephora,Fenty Beauty,Pro Filt'r - 495 Very Deep Cool,https://www.sephora.com/product/pro-filtr-soft-matte-longwear-foundation-P87985432?skuId=2164689,1,"I strongly urge acne sufferers to stray away from this product. I knew it was matte and potentially drying but even with extreme skin prep I have never put on such a drying product. It dried immediately making it impossible to spread with a brush or beauty blender. It felt like I was trying to rub in liquid matte lipstick into my skin. Even worse, it was so painful to try and spread it over my acne and taking it off was torture. I’m sure this product works well with extremely oily skin and do not seek a ton of coverage. I never write reviews especially negative but I hope it can spare a fellow acne sufferer from any further pain/irritarion.",2024-08-28T18:24:49.000+00:00
sephora,Fenty Beauty,Pro Filt'r - 495 Very Deep Cool,https://www.sephora.com/product/pro-filtr-soft-matte-longwear-foundation-P87985432?skuId=2164689,5,"I like this foundation, it is easy to apply and also almost invisible on the skin. The skin tone is evened out after it. Does not dry the skin. Covers redness. Does not smell of anything.",2024-08-28T03:40:08.000+00:00
sephora,Fenty Beauty,Pro Filt'r - 495 Very Deep Cool,https://www.sephora.com/product/pro-filtr-soft-matte-longwear-foundation-P87985432?skuId=2164689,5,"This foundation has very good coverage. I was also able to mix with lighter foundation to fit my shade. I like how it was a very nice finished, my skin look flawless. I do recommend to others.",2024-08-27T22:10:17.000+00:00
sephora,Fenty Beauty,Pro Filt'r - 495 Very Deep Cool,https://www.sephora.com/product/pro-filtr-soft-matte-longwear-foundation-P87985432?skuId=2164689,5,"Love this coverage it’s mega durable and very easy to apply. It adjusts to the skin tone and brand has huge shade range. Love the finish, scent and very convenient packaging",2024-08-27T21:07:36.000+00:00
sephora,Fenty Beauty,Pro Filt'r - 495 Very Deep Cool,https://www.sephora.com/product/pro-filtr-soft-matte-longwear-foundation-P87985432?skuId=2164689,5,"The Fenty Beauty Soft Lit Foundation provides a natural, luminous finish that lasts all day. It’s lightweight, hydrating, and buildable, perfect for a fresh, dewy look without feeling heavy or cakey.",2024-08-26T19:54:03.000+00:00
sephora,Fenty Beauty,Pro Filt'r - 495 Very Deep Cool,https://www.sephora.com/product/pro-filtr-soft-matte-longwear-foundation-P87985432?skuId=2164689,2,"I wanted to love this so bad for the price and the shade range. Unfortunately I did not ): It dried down before I could pick up a brush/beauty blender and then when I did move fast enough it flaked around
 parts of my face.. I give 2 stars bc for my friends w oily skin this is a must-have for them. But alas, it hated me. And I am a hydrating LADY. I use alll the essences and hydrating toners/washes/ and facial mists out there. My priming was no match for the drying feature of this foundation",2024-08-26T16:33:47.000+00:00
sephora,Fenty Beauty,Pro Filt'r - 495 Very Deep Cool,https://www.sephora.com/product/pro-filtr-soft-matte-longwear-foundation-P87985432?skuId=2164689,5,"Love the quality of this foundation. Matte finish, soft and natural coverage, perfect for daily makeup. It has so many shades for every skin color, love the packaging too.  No scented.",2024-08-26T04:03:48.000+00:00
sephora,Fenty Beauty,Pro Filt'r - 495 Very Deep Cool,https://www.sephora.com/product/pro-filtr-soft-matte-longwear-foundation-P87985432?skuId=2164689,5,I definitely recommend this if you are looking for a natural look! This foundation was not to heavy for my skin. A little goes a long way!,2024-08-26T03:19:41.000+00:00
sephora,Fenty Beauty,Pro Filt'r - 495 Very Deep Cool,https://www.sephora.com/product/pro-filtr-soft-matte-longwear-foundation-P87985432?skuId=2164689,4,"Very nice foundation. At first glance, I thought it would be too fair for me, but it is very share and really enhanced my skin. I did not have a chance to test for longevity.",2024-08-26T01:42:59.000+00:00
sephora,Fenty Beauty,Pro Filt'r - 495 Very Deep Cool,https://www.sephora.com/product/pro-filtr-soft-matte-longwear-foundation-P87985432?skuId=2164689,5,"I received this product for free from @influenster and @fenty for my honest review.
I tested this with ONLY one layer of foundation, no primer or concealers were used. I’m so impressed and shocked that not only did it take away my redness completely, but also my dark circles that I tend to get. This will forever my new go-to with foundation. Thank you, Fenty beauty for this amazing product. It’s such a game changer for me.",2024-08-24T21:43:05.000+00:00
sephora,Fenty Beauty,Pro Filt'r - 495 Very Deep Cool,https://www.sephora.com/product/pro-filtr-soft-matte-longwear-foundation-P87985432?skuId=2164689,5,This foundation is the best foundation in the market! I love how bendable and smooth it goes on. It gives a good amount of coverage as well. Highly recommend! I received this product for free in exchange for my honest review.,2024-08-24T21:07:56.000+00:00
sephora,Fenty Beauty,Pro Filt'r - 495 Very Deep Cool,https://www.sephora.com/product/pro-filtr-soft-matte-longwear-foundation-P87985432?skuId=2164689,5,"Fenty Beauty by Rihanna’s Soft’Lit Naturally Luminous Longwear Foundation offers a remarkable balance of coverage and natural radiance. I have been using their Pro Filt’r Soft Matte Longwear Liquid Foundation for the last 4-5 years & absolutely love it so I was excited to test this version out- and let me tell you, it did not disappoint! The foundation provides a buildable, medium-to-full coverage that effectively evens out the complexion while allowing a subtle glow to shine through. Its lightweight, breathable formula ensures a comfortable wear throughout the day, and it adapts well to the skin without settling into fine lines or pores. My skin looked absolutely flawless. The range of shades accommodates diverse skin tones, which I sincerely appreciate, enhancing its appeal for a wide audience such as people like myself who sometimes struggle with finding the exact shade for my skin. The sleek packaging is functional and cute- making it an aesthetically pleasing choice. Overall, this foundation delivers a flawless, luminous finish that enhances your natural beauty with lasting power. I highly recommend this product! I was given the opportunity to test this product in exchange of my honest review.",2024-08-24T16:58:05.000+00:00
sephora,Fenty Beauty,Pro Filt'r - 495 Very Deep Cool,https://www.sephora.com/product/pro-filtr-soft-matte-longwear-foundation-P87985432?skuId=2164689,5,"I’ve been using this tire for the past few days. I love it, and I will forever put some routine. ￼",2024-08-24T00:13:26.000+00:00
sephora,Fenty Beauty,Pro Filt'r - 495 Very Deep Cool,https://www.sephora.com/product/pro-filtr-soft-matte-longwear-foundation-P87985432?skuId=2164689,5,This foundation  is amazing! Such a small amount covers a big area. With full coverage  . The shade matches my skin perfectly  . The texture is a silky liquid  base. And it blends very easy I received this free for testing purposes,2024-08-23T20:09:39.000+00:00
sephora,Fenty Beauty,Pro Filt'r - 495 Very Deep Cool,https://www.sephora.com/product/pro-filtr-soft-matte-longwear-foundation-P87985432?skuId=2164689,2,I really like the foundation but I have two shades and the pump in both are broken after a few months. I can’t take it in my makeup bag because it just leaks everywhere. Unpractical. Won’t repurchase for that reason.,2024-08-21T23:57:50.000+00:00
sephora,Fenty Beauty,Pro Filt'r - 495 Very Deep Cool,https://www.sephora.com/product/pro-filtr-soft-matte-longwear-foundation-P87985432?skuId=2164689,3,"This foundation doesn’t suck, but it’s not worth the price- you can find better for cheaper. It’s kind of splotchy and definitely doesn’t feel matte",2024-08-20T01:49:46.000+00:00
sephora,Fenty Beauty,Pro Filt'r - 495 Very Deep Cool,https://www.sephora.com/product/pro-filtr-soft-matte-longwear-foundation-P87985432?skuId=2164689,1,"Fenty has obviously changed their formulation/composition this year. I used to be a huge fan and used a lot of their products. These past 2 bottles of foundation have been a nightmare, they make everything look dry and lasts for only a few hours before becoming cakey, creasing, and rubbing off on everything. Huge shame. Will never buy another fenty product!",2024-08-17T00:02:51.000+00:00
sephora,Fenty Beauty,Pro Filt'r - 495 Very Deep Cool,https://www.sephora.com/product/pro-filtr-soft-matte-longwear-foundation-P87985432?skuId=2164689,1,"I was so excited to try this foundation and it’s expensive in Canada compared to the states. However, it started causing my skin to break out! So disappointed in this product now.",2024-08-14T19:53:04.000+00:00
sephora,Fenty Beauty,Pro Filt'r - 495 Very Deep Cool,https://www.sephora.com/product/pro-filtr-soft-matte-longwear-foundation-P87985432?skuId=2164689,4,"literally my makeup has never looked better, I will say though after a good couple of hours, my face does start to get oily, but I do have very oily skin, so it is expected.",2024-08-13T16:15:07.000+00:00
sephora,Fenty Beauty,Pro Filt'r - 495 Very Deep Cool,https://www.sephora.com/product/pro-filtr-soft-matte-longwear-foundation-P87985432?skuId=2164689,2,"I didn't like this as much as my usual foundation. I have combo skin, some dry areas and some oily at times. I didn't go well with either. the dry areas looked mire dry and the oily didn't have very good coverage. I will attempt to use this again at some point, but I don't think it's worth the money, when cheaper foundations do a better job.",2024-08-10T04:37:58.000+00:00
sephora,Fenty Beauty,Pro Filt'r - 495 Very Deep Cool,https://www.sephora.com/product/pro-filtr-soft-matte-longwear-foundation-P87985432?skuId=2164689,3,Got the wrong color and it’s too dry/matte for me.  I’m over 45 so I need all the moisture I can get! Exchanged it for 310 in the glow foundation and it matches perfectly!,2024-08-09T22:17:46.000+00:00
sephora,Fenty Beauty,Pro Filt'r - 495 Very Deep Cool,https://www.sephora.com/product/pro-filtr-soft-matte-longwear-foundation-P87985432?skuId=2164689,5,The only foundation I will be using from now on just like the concealer it’s the only brand that I have been able to find to match my pale olive skin tone.,2024-08-09T01:35:08.000+00:00
sephora,Fenty Beauty,Pro Filt'r - 495 Very Deep Cool,https://www.sephora.com/product/pro-filtr-soft-matte-longwear-foundation-P87985432?skuId=2164689,2,"I’ve tried this foundation out for two months and it doesn’t matter if if use a brush, sponge or my fingers, I cannot make this foundation sit nicely on my skin. I have combo skin with acne marks.",2024-08-09T00:54:18.000+00:00
sephora,Fenty Beauty,Pro Filt'r - 495 Very Deep Cool,https://www.sephora.com/product/pro-filtr-soft-matte-longwear-foundation-P87985432?skuId=2164689,5,"I absolutely love this foundation. I’ve been using it for years now, and it is the best foundation I can use for full coverage that does not feel heavy on my face.",2024-08-05T20:50:43.000+00:00
sephora,Fenty Beauty,Pro Filt'r - 495 Very Deep Cool,https://www.sephora.com/product/pro-filtr-soft-matte-longwear-foundation-P87985432?skuId=2164689,5,"This product is perfect for normal to oily skin, specially in summer, it’s just great !",2024-08-02T06:20:10.000+00:00
sephora,Fenty Beauty,Pro Filt'r - 495 Very Deep Cool,https://www.sephora.com/product/pro-filtr-soft-matte-longwear-foundation-P87985432?skuId=2164689,3,I felt like it had a red undertone and that didn’t work for me. I wanted something that blended with my skin. I returned it with the concealer.,2024-07-31T20:37:44.000+00:00
sephora,Fenty Beauty,Pro Filt'r - 495 Very Deep Cool,https://www.sephora.com/product/pro-filtr-soft-matte-longwear-foundation-P87985432?skuId=2164689,2,"Fenty is one of the only brands I can find that makes foundations pale enough with true cool undertones, but the liquid foundation is not necessarily save for sensitive skin, so please read through the ingredients before you buy.

I bought it in store and only patch tested on my arm and not my face (since I was wearing makeup already that day). Got it home and it wouldn't dry down, pooled in my pores, and eventually burned and irritated near my eyes and on my cheeks. 

I know I can't use skin care products with vitamin C in them, and it didn't even cross my mind to check a foundation for that isn't really advertised as having skin care benefits for them.

Pineapple also has other properties that are not safe for sensitive skin",2024-07-31T20:24:39.000+00:00
sephora,Fenty Beauty,Pro Filt'r - 495 Very Deep Cool,https://www.sephora.com/product/pro-filtr-soft-matte-longwear-foundation-P87985432?skuId=2164689,5,It can be dry and oxidize so i did have to go light even though i am a light medium. keep skin hydrated and light setting powder,2024-07-29T01:13:08.000+00:00
sephora,Fenty Beauty,Pro Filt'r - 495 Very Deep Cool,https://www.sephora.com/product/pro-filtr-soft-matte-longwear-foundation-P87985432?skuId=2164689,5,Application is easy and it does not oxidize and give an orange tint. It literally last all day. It’s my go to foundation now.,2024-07-28T00:51:07.000+00:00
sephora,Fenty Beauty,Pro Filt'r - 495 Very Deep Cool,https://www.sephora.com/product/pro-filtr-soft-matte-longwear-foundation-P87985432?skuId=2164689,1,Loved how this went on and felt on my face but it separated throughout the day.,2024-07-27T17:01:15.000+00:00
sephora,Fenty Beauty,Pro Filt'r - 495 Very Deep Cool,https://www.sephora.com/product/pro-filtr-soft-matte-longwear-foundation-P87985432?skuId=2164689,5,It’s so good! One drop can cover your whole face and it dosent break me out,2024-07-27T04:48:40.000+00:00
sephora,Fenty Beauty,Pro Filt'r - 495 Very Deep Cool,https://www.sephora.com/product/pro-filtr-soft-matte-longwear-foundation-P87985432?skuId=2164689,5,I love this liquid foundation!! This foundation leaves a nice finish on the skin and the coverage is adjustable.,2024-07-25T03:18:03.000+00:00
sephora,Fenty Beauty,Pro Filt'r - 495 Very Deep Cool,https://www.sephora.com/product/pro-filtr-soft-matte-longwear-foundation-P87985432?skuId=2164689,3,Could be better… not really worth it. Separated on the skin.,2024-07-24T01:05:44.000+00:00
sephora,Fenty Beauty,Pro Filt'r - 495 Very Deep Cool,https://www.sephora.com/product/pro-filtr-soft-matte-longwear-foundation-P87985432?skuId=2164689,1,"Really wanted to like this, but didn’t. Seperated, clinged to dry spots I didn’t even know I had",2024-07-23T13:24:00.000+00:00
sephora,Fenty Beauty,Pro Filt'r - 495 Very Deep Cool,https://www.sephora.com/product/pro-filtr-soft-matte-longwear-foundation-P87985432?skuId=2164689,5,This is the perfect coverage of foundation for pigmentation.,2024-07-21T01:40:32.000+00:00
sephora,Fenty Beauty,Pro Filt'r - 495 Very Deep Cool,https://www.sephora.com/product/pro-filtr-soft-matte-longwear-foundation-P87985432?skuId=2164689,4,These foundations have been known to dry down darker on the skin. I have not noticed that these present lighter in shades pro-filter long-wear. To be applied with a foundation brush from bottle.,2024-07-19T11:24:55.000+00:00
sephora,Fenty Beauty,Pro Filt'r - 495 Very Deep Cool,https://www.sephora.com/product/pro-filtr-soft-matte-longwear-foundation-P87985432?skuId=2164689,2,I bought this during a sale and was so so disappointed. I have normal skin - I tried this with two different primers and experienced pilling and separation and when I used it without after 20 minutes of wear it had enhanced texture I didn’t have before wearing it. I returned it the next day. Huge shade range but the formula left a lot to be desired.,2024-07-18T22:04:46.000+00:00
sephora,Fenty Beauty,Pro Filt'r - 495 Very Deep Cool,https://www.sephora.com/product/pro-filtr-soft-matte-longwear-foundation-P87985432?skuId=2164689,1,Definitely a know for me. Sits in your creases and very drying. Sorry fenty but I returned this,2024-07-17T07:13:42.000+00:00
sephora,Fenty Beauty,Pro Filt'r - 495 Very Deep Cool,https://www.sephora.com/product/pro-filtr-soft-matte-longwear-foundation-P87985432?skuId=2164689,3,"I love this product. This is a go-to foundation for me. The only thing is, when I received it, the top was busted and the foundation was oozing out. it was inside packaging but the top itself was defective.",2024-07-16T01:50:30.000+00:00
sephora,Fenty Beauty,Pro Filt'r - 495 Very Deep Cool,https://www.sephora.com/product/pro-filtr-soft-matte-longwear-foundation-P87985432?skuId=2164689,1,"This foundation looks disgusting on the skin. It cakes up, melts off the skin, doesn’t blend well, and dries out my already very oily skin. The shade, despite being listed as neutral, is very yellow and unnatural looking. I don’t recommend this for anyone.",2024-07-13T14:48:53.000+00:00
sephora,Fenty Beauty,Pro Filt'r - 495 Very Deep Cool,https://www.sephora.com/product/pro-filtr-soft-matte-longwear-foundation-P87985432?skuId=2164689,1,"First of all, it's not a full coverage foundation. Light to medium coverage, and it's not advisable for dry and acne prone skin. I'm so disappointed and dissatisfied.",2024-07-11T21:38:05.000+00:00
sephora,Fenty Beauty,Pro Filt'r - 495 Very Deep Cool,https://www.sephora.com/product/pro-filtr-soft-matte-longwear-foundation-P87985432?skuId=2164689,1,"This does not look good on skin. Looks dry and flaky. I dont have dry skin and keep it well moisturized before applying. 
This is the first i have experienced this in a liquid foundation and unfortunately wont buy this again",2024-07-11T19:50:13.000+00:00
sephora,Fenty Beauty,Pro Filt'r - 495 Very Deep Cool,https://www.sephora.com/product/pro-filtr-soft-matte-longwear-foundation-P87985432?skuId=2164689,4,It's really good and the fair olive tone is wonderful the only thing is that for someone with oily/dry skin it emphasizes texture in some extra dry spots. I also feel like this light olive is still not light enough to be the lightest shade (of an olive undertone) since it's my summer shade and i know of a lot of people this would be too dark for,2024-07-10T20:00:07.000+00:00
sephora,Fenty Beauty,Pro Filt'r - 495 Very Deep Cool,https://www.sephora.com/product/pro-filtr-soft-matte-longwear-foundation-P87985432?skuId=2164689,5,super good not full coverage but still super good and does not feel heavy,2024-07-10T19:19:33.000+00:00
sephora,Fenty Beauty,Pro Filt'r - 495 Very Deep Cool,https://www.sephora.com/product/pro-filtr-soft-matte-longwear-foundation-P87985432?skuId=2164689,4,Use it if you need a full coverage. Not for clean look makeup,2024-07-10T08:48:15.000+00:00
sephora,Fenty Beauty,Pro Filt'r - 495 Very Deep Cool,https://www.sephora.com/product/pro-filtr-soft-matte-longwear-foundation-P87985432?skuId=2164689,2,"It wouldn't blend. It's stuck unblended leaving it for 5-6 seconds, i wanted to like this, waste of money :(
I did everything to try and blend em but it stayed where i applied.",2024-07-07T07:01:54.000+00:00
sephora,Fenty Beauty,Pro Filt'r - 495 Very Deep Cool,https://www.sephora.com/product/pro-filtr-soft-matte-longwear-foundation-P87985432?skuId=2164689,4,"As great as I remember. Matte finish, not heavy, blends beautifully, did not act weird throughout the day. Wore it for the first time in years today. Temperature reaching high 80’s and air as thick as Florida air. I was sweating and the foundation was still there living its best life . Gently did not fail me today!",2024-07-07T04:45:42.000+00:00
sephora,Fenty Beauty,Pro Filt'r - 495 Very Deep Cool,https://www.sephora.com/product/pro-filtr-soft-matte-longwear-foundation-P87985432?skuId=2164689,4,"This was the first purchase I made at Sephora when I first joined and this had me obsessed, once I run out of my foundation I’m buying this again, it’s full coverage, makes your skin look amazing like a filter.",2024-07-07T00:20:43.000+00:00
sephora,Fenty Beauty,Pro Filt'r - 495 Very Deep Cool,https://www.sephora.com/product/pro-filtr-soft-matte-longwear-foundation-P87985432?skuId=2164689,5,"This is always a go to for me, I’ve tried other foundations. This one has literally the best coverage, I will continue to keep coming back to this!",2024-07-06T10:18:07.000+00:00
sephora,Fenty Beauty,Pro Filt'r - 495 Very Deep Cool,https://www.sephora.com/product/pro-filtr-soft-matte-longwear-foundation-P87985432?skuId=2164689,5,"Love love love this foundation! For years I have been trying to find a foundation that will match me perfectly and fenty did the job for me. This foundation is matte but it feels so light, it gives full coverage and still looks natural and not Casey at all! Highly recommend this

 you a sheer",2024-07-05T17:29:12.000+00:00
sephora,Fenty Beauty,Pro Filt'r - 495 Very Deep Cool,https://www.sephora.com/product/pro-filtr-soft-matte-longwear-foundation-P87985432?skuId=2164689,4,One of the very few foundations available in my skin tone,2024-06-27T16:26:10.000+00:00
sephora,Fenty Beauty,Pro Filt'r - 495 Very Deep Cool,https://www.sephora.com/product/pro-filtr-soft-matte-longwear-foundation-P87985432?skuId=2164689,5,"Love the foundation on my skin. It is full coverage, but buildable.",2024-06-26T16:10:16.000+00:00
sephora,Fenty Beauty,Pro Filt'r - 495 Very Deep Cool,https://www.sephora.com/product/pro-filtr-soft-matte-longwear-foundation-P87985432?skuId=2164689,2,"This was the first matte foundation I’ve used, I typically prefer natural finish or even dewy formulas despite having oily skin. I decided to give this a try after so many people raved about it online, but quickly found that after an hour the foundation had oxidized 2 shades darker and the initial undertone (140 - light with warm yellow undertones) changed to pink. It looked like I was wearing a mask on my face. Although the product felt light-weight and had good medium coverage, the oxidization made it completely unwearable. I had to return and will stick with Nars (for reference I wear Nars foundation in shade gobi).",2024-06-26T03:50:08.000+00:00
sephora,Fenty Beauty,Pro Filt'r - 495 Very Deep Cool,https://www.sephora.com/product/pro-filtr-soft-matte-longwear-foundation-P87985432?skuId=2164689,5,Coming from someone that has super oiler acne prone skin. I bought this foundation thinking it might be cakey or heavy but it’s literally the perfect medium/full coverage foundation. Face looks so smooth and airbrushed without powder,2024-06-20T05:56:38.000+00:00
sephora,Fenty Beauty,Pro Filt'r - 495 Very Deep Cool,https://www.sephora.com/product/pro-filtr-soft-matte-longwear-foundation-P87985432?skuId=2164689,5,This is my perfect shade maybe a tiny bit a little red but for me perfect.,2024-06-18T00:11:06.000+00:00
sephora,Fenty Beauty,Pro Filt'r - 495 Very Deep Cool,https://www.sephora.com/product/pro-filtr-soft-matte-longwear-foundation-P87985432?skuId=2164689,5,"This Bad Boi lasted me through an eight hour shift and rigorous hanky panky in the same day and I still looked good after (with some to minimal touchup). Comfortable on my skin, didn’t oxidize, if you’re dry skin might want a moisturing base.",2024-06-17T04:54:34.000+00:00
sephora,Fenty Beauty,Pro Filt'r - 495 Very Deep Cool,https://www.sephora.com/product/pro-filtr-soft-matte-longwear-foundation-P87985432?skuId=2164689,1,This foundation is so thick and does not spread/blend well at all. I used it a couple of times and had to throw the entire bottle away.,2024-06-15T20:43:26.000+00:00
sephora,Fenty Beauty,Pro Filt'r - 495 Very Deep Cool,https://www.sephora.com/product/pro-filtr-soft-matte-longwear-foundation-P87985432?skuId=2164689,1,No way!  I threw out the full bottle. I have oily skin and this products does not spread whatsoever!,2024-06-14T15:37:13.000+00:00
sephora,Fenty Beauty,Pro Filt'r - 495 Very Deep Cool,https://www.sephora.com/product/pro-filtr-soft-matte-longwear-foundation-P87985432?skuId=2164689,5,This foundation doesn’t dry down as quickly as the matte version. It didn’t melt off within a few hours or make me look shiny. I wore it for 5 hours and I went swimming. I’m happy it didn’t cling to the dry spots. My new holy grail.,2024-06-14T14:26:17.000+00:00
sephora,Fenty Beauty,Pro Filt'r - 495 Very Deep Cool,https://www.sephora.com/product/pro-filtr-soft-matte-longwear-foundation-P87985432?skuId=2164689,5,"Absolutely love! Used it for my wedding makeup, all day pictures and all day coverage! Heavy coverage was exactly what I wanted and exactly what I got. Very buildable foundation and blends extremely well.",2024-06-13T21:51:56.000+00:00
sephora,Fenty Beauty,Pro Filt'r - 495 Very Deep Cool,https://www.sephora.com/product/pro-filtr-soft-matte-longwear-foundation-P87985432?skuId=2164689,5,"I bought online because I NEEDED a matte foundation for my oily, acne prone skin in my summer shade. 10/10, just not my shade… Will be exchanging for a better match ❤️",2024-06-13T20:12:26.000+00:00
sephora,Fenty Beauty,Pro Filt'r - 495 Very Deep Cool,https://www.sephora.com/product/pro-filtr-soft-matte-longwear-foundation-P87985432?skuId=2164689,4,It is good full coverage wise but it does oxidizes a bit darker not too crazy. it does dry fast make sure you pair this with powder to lock in the matte finish other wise it is good and last long.,2024-06-13T02:43:08.000+00:00
sephora,Fenty Beauty,Pro Filt'r - 495 Very Deep Cool,https://www.sephora.com/product/pro-filtr-soft-matte-longwear-foundation-P87985432?skuId=2164689,5,"I feel it's best to match your shade in the store but once you do find your shade, it all falls into place. First of all, I am not someone who likes to use a pump for my makeup, so I am not a big fan of the design. 

With the foundation, I like it, because it makes the skin look youthful and dewy without appearing oily. The color glides on very light then starts to blend with the color of your skin. The foundation wears all day and I get a lot of compliments on my skin. I usually use bare minerals but decided to give this a try due to the low supply of my go to. Give it a try, you won't be disappointed.",2024-06-09T21:09:34.000+00:00
sephora,Fenty Beauty,Pro Filt'r - 495 Very Deep Cool,https://www.sephora.com/product/pro-filtr-soft-matte-longwear-foundation-P87985432?skuId=2164689,5,"After years of searching, I finally found my shade and I just love this! I got mines today and It’s not too heavy, it’s full coverage, leaves you looking natural but flawless. Sweat, snow, rain, shine and this foundation is set!",2024-06-08T08:55:39.000+00:00
sephora,Fenty Beauty,Pro Filt'r - 495 Very Deep Cool,https://www.sephora.com/product/pro-filtr-soft-matte-longwear-foundation-P87985432?skuId=2164689,3,This product has been a staple for me since it was originally released. I noticed about 3 years ago they changed the formula and it became more transferable but I still liked it. I went to get a new bottle this week... it looked strange on my skin and the color was lighter than it has been before. I'm disappointed they changed the formula again. I wouldn't say it's a bad foundation but I'm certainly not in love with it like I once was. I feel like Fenty started off strong but somewhat lost their footing.,2024-06-07T15:58:42.000+00:00
sephora,Fenty Beauty,Pro Filt'r - 495 Very Deep Cool,https://www.sephora.com/product/pro-filtr-soft-matte-longwear-foundation-P87985432?skuId=2164689,5,This foundation has been my go to foundation over the years! It’s amazing coverage and lasts a while. I literally always re-up on this on by fente every time I’m getting low. It’s a great foundation,2024-06-06T17:43:38.000+00:00
sephora,Fenty Beauty,Pro Filt'r - 495 Very Deep Cool,https://www.sephora.com/product/pro-filtr-soft-matte-longwear-foundation-P87985432?skuId=2164689,2,"I wanted to love , however it looked very dull and caked on my skin . I returned this product. Staying with the Armani luminous silk till I can find something I like as much.",2024-06-05T21:32:02.000+00:00
sephora,Fenty Beauty,Pro Filt'r - 495 Very Deep Cool,https://www.sephora.com/product/pro-filtr-soft-matte-longwear-foundation-P87985432?skuId=2164689,5,"This product is amazing...the coverage, the match to my skin color, the feeling on my face...all around great product!  It lasts all day too!",2024-06-05T16:22:00.000+00:00
sephora,Fenty Beauty,Pro Filt'r - 495 Very Deep Cool,https://www.sephora.com/product/pro-filtr-soft-matte-longwear-foundation-P87985432?skuId=2164689,3,"I used this foundation for years, and I loved that I was able to find a neutral medium shade that didn't look orange or pink on me, so much that I didn't want to use any other foundation ever again. Unfortunately it started to cause me to break out a lot, and it took a while to figure out that it was this product causing the problems because it didn't get bad right away. It started as a pimple here and there (after never having acne), but as my skin started to get worse I started using more foundation and wearing it more often, so it snowballed. I tried so many products, OTC treatments, and derm prescribed meds to get my skin to stop breaking out. Finally I just stopped using all makeup and slowly added things back in. After a week without using this foundation, my skin hadn't broken out once and actually looked better than it had looked in years. I'm about two months out at this point and have only had one or two very small breakouts since, nothing like before, and now I'm working on fading scars and discoloration. I loved so many things about this foundation, the color match, the beautiful matte finish, it lasted all day and people complimented my skin a lot (ironic because under the foundation it was a mess). Ultimately I found that it badly clogged and inflamed my pores, so if you're prone to that already, this foundation could make things worse. I'm sad to let this one go.",2024-05-31T17:11:44.000+00:00
sephora,Fenty Beauty,Pro Filt'r - 495 Very Deep Cool,https://www.sephora.com/product/pro-filtr-soft-matte-longwear-foundation-P87985432?skuId=2164689,5,"This is the best foundation I have used in years. I have struggled finding foundations that work well with aging skin. This one is a perfect match for my skin, My skin tone and combination skin.",2024-05-30T17:57:59.000+00:00
sephora,Fenty Beauty,Pro Filt'r - 495 Very Deep Cool,https://www.sephora.com/product/pro-filtr-soft-matte-longwear-foundation-P87985432?skuId=2164689,5,I really like this product and have been using for a few years.  I hope they don't stop making my shade like they did with the concealer.,2024-05-28T15:31:26.000+00:00
sephora,Fenty Beauty,Pro Filt'r - 495 Very Deep Cool,https://www.sephora.com/product/pro-filtr-soft-matte-longwear-foundation-P87985432?skuId=2164689,3,"Okay I love all things MAKEUP & SKIN CARE! I attempted to try the Fenty Beauty Longwear Foundation. However, I was not satisfied w/ the texture it is very thin & watery and exceeded the pumps that I've EVER required for my face. I am a MAC girl looking to segue over into a new product line and I was not impressed! ""THIS"" product did not provide/or exceed the anticipated coverage or expectations that I was previously informed by the beauty reps and other online reviews. I would score it a 3-STAR because too each its own, but I've never had to pump out so much foundation to get a mid-coverage look ever! My skin is very healthy and clear. I wouldn't say Fenty is the GOAT after this experience, but I may try a lip color in the future on this line of makeup.",2024-05-28T14:16:59.000+00:00
sephora,Fenty Beauty,Pro Filt'r - 495 Very Deep Cool,https://www.sephora.com/product/pro-filtr-soft-matte-longwear-foundation-P87985432?skuId=2164689,5,Did not expect to love this foundation as a combo person. This foundation is the only thing that doesn’t break apart on my chin after a long day of work. Appears natural and undetectable. Amazing,2024-05-27T06:45:52.000+00:00
sephora,Fenty Beauty,Pro Filt'r - 495 Very Deep Cool,https://www.sephora.com/product/pro-filtr-soft-matte-longwear-foundation-P87985432?skuId=2164689,5,This is one of the most high-end products that I have used. I used to use Mac and I realized that I’m no longer a Mac girl I love this new foundation. I love the feeling I love the color and match my skin perfectly.,2024-05-26T23:25:31.000+00:00
sephora,Fenty Beauty,Pro Filt'r - 495 Very Deep Cool,https://www.sephora.com/product/pro-filtr-soft-matte-longwear-foundation-P87985432?skuId=2164689,5,lightweight and long lasting. I was amazed to find another shade to keep up with my summer tan.,2024-05-25T17:29:24.000+00:00
sephora,Fenty Beauty,Pro Filt'r - 495 Very Deep Cool,https://www.sephora.com/product/pro-filtr-soft-matte-longwear-foundation-P87985432?skuId=2164689,5,This foundation is absolutely amazing! It gives my skin a flawless look and works wonders even on my oily skin. I've had no issues with it at all.,2024-05-24T20:07:16.000+00:00
sephora,Fenty Beauty,Pro Filt'r - 495 Very Deep Cool,https://www.sephora.com/product/pro-filtr-soft-matte-longwear-foundation-P87985432?skuId=2164689,5,Been using it for a year now I love the fact that it lightweight and full coverage,2024-05-23T13:19:08.000+00:00
sephora,Fenty Beauty,Pro Filt'r - 495 Very Deep Cool,https://www.sephora.com/product/pro-filtr-soft-matte-longwear-foundation-P87985432?skuId=2164689,2,This product is very hard to find a match for your skin tone if you have cool undertones. Not only that but the product itself is very drying which makes your pores more visible and overall skin texture more apparent. I returned this product immediately. Overhyped.,2024-05-23T07:34:46.000+00:00
sephora,Fenty Beauty,Pro Filt'r - 495 Very Deep Cool,https://www.sephora.com/product/pro-filtr-soft-matte-longwear-foundation-P87985432?skuId=2164689,3,Good foundation but I was color matched wrong in the store three times. Sephora get some people who have non white skin in your stores. It's giving white supremacy,2024-05-23T01:38:18.000+00:00
sephora,Fenty Beauty,Pro Filt'r - 495 Very Deep Cool,https://www.sephora.com/product/pro-filtr-soft-matte-longwear-foundation-P87985432?skuId=2164689,5,"Love this product so much ! All time favourite, will probably never change",2024-05-23T00:20:02.000+00:00
sephora,Fenty Beauty,Pro Filt'r - 495 Very Deep Cool,https://www.sephora.com/product/pro-filtr-soft-matte-longwear-foundation-P87985432?skuId=2164689,4,Definitely love this foundation. It gives me full coverage and is very lightweight. It feels like I have on no makeup,2024-05-22T16:29:42.000+00:00
sephora,Fenty Beauty,Pro Filt'r - 495 Very Deep Cool,https://www.sephora.com/product/pro-filtr-soft-matte-longwear-foundation-P87985432?skuId=2164689,1,I bought this shade but it didn’t match my skin tone.And my skin tone is tan to deep.,2024-05-21T13:56:01.000+00:00
sephora,Fenty Beauty,Pro Filt'r - 495 Very Deep Cool,https://www.sephora.com/product/pro-filtr-soft-matte-longwear-foundation-P87985432?skuId=2164689,5,"Oh my god. I was literally sweating, I rubbed my face on accident, and I was there for 5 hours. Not a single sign of peeling, patchy spots or cakey skin. It was the same as I applied it. I only use this,the Charlotte tilbury setting spray and the fenty setting powder. The rest was just mascara and lip stick and a little blush. No concealer or nothing. I didn’t need to worry about coverage because it ranges from light to full. Love it",2024-05-19T18:43:19.000+00:00
sephora,Fenty Beauty,Pro Filt'r - 495 Very Deep Cool,https://www.sephora.com/product/pro-filtr-soft-matte-longwear-foundation-P87985432?skuId=2164689,5,Perfect coverage I never liked wearing make up until I tried this foundation. I am obsessed.,2024-05-18T00:49:17.000+00:00
sephora,Fenty Beauty,Pro Filt'r - 495 Very Deep Cool,https://www.sephora.com/product/pro-filtr-soft-matte-longwear-foundation-P87985432?skuId=2164689,3,"Does any other girlie with oily/ combo skin still get really shiny with this foundation? No matter how I prep my skin before applying AND even use setting powder after, my face still looks greasy AF after about an hour after application. I'm really disappointed because I LOVE fenty products and this foundation claims to fight sweat and shine. I've worn other foundations and no other foundation has made me look like a greaseball like this one does 😔",2024-05-17T15:18:53.000+00:00
sephora,Fenty Beauty,Pro Filt'r - 495 Very Deep Cool,https://www.sephora.com/product/pro-filtr-soft-matte-longwear-foundation-P87985432?skuId=2164689,3,The review is not so much for the product but for the fact that I don’t think it was what I tried on nor is it appropriate for me.  Not good service at all,2024-05-15T18:41:35.000+00:00
sephora,Fenty Beauty,Pro Filt'r - 495 Very Deep Cool,https://www.sephora.com/product/pro-filtr-soft-matte-longwear-foundation-P87985432?skuId=2164689,5,best foundation I've found to match us brown skin girlies. my forever go-to foundation.,2024-05-15T17:22:12.000+00:00
sephora,Fenty Beauty,Pro Filt'r - 495 Very Deep Cool,https://www.sephora.com/product/pro-filtr-soft-matte-longwear-foundation-P87985432?skuId=2164689,4,It’s ok I guess. It says it’s full coverage but I don’t feel like it is.,2024-05-14T15:28:41.000+00:00
sephora,Fenty Beauty,Pro Filt'r - 495 Very Deep Cool,https://www.sephora.com/product/pro-filtr-soft-matte-longwear-foundation-P87985432?skuId=2164689,5,"I started using this foundation a few years ago after Tarte switched their Amazonian clay formula and this is IT. It blends perfectly and doesn't break me out. It is definitely a full coverage foundation though, its harder to do a lighter layer of this without it still looking like a full face.",2024-05-12T19:37:03.000+00:00
sephora,Fenty Beauty,Pro Filt'r - 495 Very Deep Cool,https://www.sephora.com/product/pro-filtr-soft-matte-longwear-foundation-P87985432?skuId=2164689,1,"Absolutely terrible. I wanted to love this but it is so drying and so orange. I don’t even have really dry skin but this will accentuate any dryness or texture. ￼

You’ll be both the color of orange and show the",2024-05-09T17:08:18.000+00:00
sephora,Fenty Beauty,Pro Filt'r - 495 Very Deep Cool,https://www.sephora.com/product/pro-filtr-soft-matte-longwear-foundation-P87985432?skuId=2164689,3,"I used this foundation for a year and a half and it’s OK, nothing special. It’s comes off quickly.  There are definitely better ones out there. I switched to Haus Labs which is a million times better!I wor",2024-05-06T19:10:36.000+00:00
sephora,Fenty Beauty,Pro Filt'r - 495 Very Deep Cool,https://www.sephora.com/product/pro-filtr-soft-matte-longwear-foundation-P87985432?skuId=2164689,3,"meh,So-so

Average

Ordinary

Fair

Middling

Mediocre

Passable

Common

Unexceptional

Adequate

Tolerable

Unremarkable

Moderate

Indifferent

Everyday",2024-05-05T21:24:39.000+00:00
sephora,Fenty Beauty,Pro Filt'r - 495 Very Deep Cool,https://www.sephora.com/product/pro-filtr-soft-matte-longwear-foundation-P87985432?skuId=2164689,5,"I have been using this foundation for over a year. Matches me perfectly! It gives me the natural look, lasts all day, and doesn't feel heavy.",2024-05-04T16:10:49.000+00:00
sephora,Fenty Beauty,Pro Filt'r - 495 Very Deep Cool,https://www.sephora.com/product/pro-filtr-soft-matte-longwear-foundation-P87985432?skuId=2164689,4,"It goes on very well. It is very yellow/orange, but looking at the description it makes sense.  I would use a setting powder that matches your skin and you are good to  continue to use the foundation.",2024-05-02T13:38:38.000+00:00
sephora,Fenty Beauty,Pro Filt'r - 495 Very Deep Cool,https://www.sephora.com/product/pro-filtr-soft-matte-longwear-foundation-P87985432?skuId=2164689,5,I will never stop buying this product! Matte finish and buildable!,2024-05-01T21:54:44.000+00:00
sephora,Fenty Beauty,Pro Filt'r - 495 Very Deep Cool,https://www.sephora.com/product/pro-filtr-soft-matte-longwear-foundation-P87985432?skuId=2164689,2,I have combination skin and this was very patchy cling on to dry spots.,2024-04-29T18:20:47.000+00:00
sephora,Fenty Beauty,Pro Filt'r - 495 Very Deep Cool,https://www.sephora.com/product/pro-filtr-soft-matte-longwear-foundation-P87985432?skuId=2164689,5,Blends right into the skin! After applying and let it set into the skin it looks even better in the sunlight! Just a glowy finishing look yet lightweight. Will definitely be repurchasing😍,2024-04-29T04:10:55.000+00:00
sephora,Fenty Beauty,Pro Filt'r - 495 Very Deep Cool,https://www.sephora.com/product/pro-filtr-soft-matte-longwear-foundation-P87985432?skuId=2164689,5,My go to foundation. Love the way it blends and the weightlessness.,2024-04-28T10:28:15.000+00:00
sephora,Fenty Beauty,Pro Filt'r - 495 Very Deep Cool,https://www.sephora.com/product/pro-filtr-soft-matte-longwear-foundation-P87985432?skuId=2164689,3,This used to be my go to foundation since I have oily skin but I stopped using it because it doesn’t go well with other liquid/cream products. Makes them look patchy and hard to blend.,2024-04-27T20:06:18.000+00:00
sephora,Fenty Beauty,Pro Filt'r - 495 Very Deep Cool,https://www.sephora.com/product/pro-filtr-soft-matte-longwear-foundation-P87985432?skuId=2164689,4,"I love this product it’s so smooth and it light weight, it gives a medium coverage and can be use as a daily basis, its long lasting as well and it is pro filter approved",2024-04-26T16:05:18.000+00:00
sephora,Fenty Beauty,Pro Filt'r - 495 Very Deep Cool,https://www.sephora.com/product/pro-filtr-soft-matte-longwear-foundation-P87985432?skuId=2164689,5,I think I found something that replaces my IL Makiage.,2024-04-25T18:28:43.000+00:00
sephora,Fenty Beauty,Pro Filt'r - 495 Very Deep Cool,https://www.sephora.com/product/pro-filtr-soft-matte-longwear-foundation-P87985432?skuId=2164689,4,Very long wearing and good coverage but somewhat hard to blend.,2024-04-25T03:31:57.000+00:00
sephora,Fenty Beauty,Pro Filt'r - 495 Very Deep Cool,https://www.sephora.com/product/pro-filtr-soft-matte-longwear-foundation-P87985432?skuId=2164689,1,"The best foundation in the worst bottle, the pump is a very very very bad quality, the foundation jump when u push and goes everywhere, I can’t count the times when I had to change my outfit last minute cus of that   cus of that",2024-04-21T20:00:09.000+00:00
sephora,Fenty Beauty,Pro Filt'r - 495 Very Deep Cool,https://www.sephora.com/product/pro-filtr-soft-matte-longwear-foundation-P87985432?skuId=2164689,1,"I used to love this foundation, used it for years and it suddenly has no coverage, separates, and dries down in the most unflattering way. I wish I had returned it when I could! I'm so disappointed, I was such a fenty girl!",2024-04-21T05:37:43.000+00:00
sephora,Fenty Beauty,Pro Filt'r - 495 Very Deep Cool,https://www.sephora.com/product/pro-filtr-soft-matte-longwear-foundation-P87985432?skuId=2164689,3,"This looked patchy on me and didn't blend well. Didn't like how it felt on my face at all. I have oily skin and wanted to give this a try. Don't think it's worth $40bucks. Sorry fenty, I love all your lippies tho",2024-04-21T04:19:09.000+00:00
sephora,Fenty Beauty,Pro Filt'r - 495 Very Deep Cool,https://www.sephora.com/product/pro-filtr-soft-matte-longwear-foundation-P87985432?skuId=2164689,5,"My fav foundation ever, been using it for 3 years now and it never fails me!",2024-04-21T01:51:52.000+00:00
sephora,Fenty Beauty,Pro Filt'r - 495 Very Deep Cool,https://www.sephora.com/product/pro-filtr-soft-matte-longwear-foundation-P87985432?skuId=2164689,1,Hated it so much! Did not apply smoothly it was almost like rough velvet on your skin.,2024-04-20T19:03:35.000+00:00
sephora,Fenty Beauty,Pro Filt'r - 495 Very Deep Cool,https://www.sephora.com/product/pro-filtr-soft-matte-longwear-foundation-P87985432?skuId=2164689,4,"I’m 54 have dry skin with severe melasma. I need full coverage, and the foundation it perfect. Only downfall, I travel for work & it leaks with every trip",2024-04-19T06:15:50.000+00:00
sephora,Fenty Beauty,Pro Filt'r - 495 Very Deep Cool,https://www.sephora.com/product/pro-filtr-soft-matte-longwear-foundation-P87985432?skuId=2164689,5,My go to foundation. Amazing for those with combo or oily skin like myself who have sensitive skin,2024-04-16T22:39:00.000+00:00
sephora,Fenty Beauty,Pro Filt'r - 495 Very Deep Cool,https://www.sephora.com/product/pro-filtr-soft-matte-longwear-foundation-P87985432?skuId=2164689,3,This product is ok it’s a-little patchy put it’s better then some others I’d recommend if you have normal skin this foundation isn’t drying so it looks patchy on oily skin,2024-04-16T14:59:01.000+00:00
sephora,Fenty Beauty,Pro Filt'r - 495 Very Deep Cool,https://www.sephora.com/product/pro-filtr-soft-matte-longwear-foundation-P87985432?skuId=2164689,5,I get so many compliments when I wear this foundation about how great my “skin” looks. Sephora employee at Kohl’s color matched me perfect. It’s the perfect level or coverage while feeling lightweight,2024-04-16T03:17:01.000+00:00
sephora,Fenty Beauty,Pro Filt'r - 495 Very Deep Cool,https://www.sephora.com/product/pro-filtr-soft-matte-longwear-foundation-P87985432?skuId=2164689,4,"I like that it's very lightweight and it matches my skin perfectly. I bought it because I thought it would help my oily skin, but this still makes it very oily by the end of the day.",2024-04-14T19:15:03.000+00:00
sephora,Fenty Beauty,Pro Filt'r - 495 Very Deep Cool,https://www.sephora.com/product/pro-filtr-soft-matte-longwear-foundation-P87985432?skuId=2164689,1,"It’s so drying and patchy. I applied it with my FINGER and a brush and it was STILL PATCHY. It dries down very quickly and oxidizes into a horrible darker color! So disappointed. Will be returning and 
buying my Estée Lauder foundation!",2024-04-10T21:17:43.000+00:00
sephora,Fenty Beauty,Pro Filt'r - 495 Very Deep Cool,https://www.sephora.com/product/pro-filtr-soft-matte-longwear-foundation-P87985432?skuId=2164689,1,"I used this foundation for so long, then the formula became AWFUL. it streaks when I'm using a blender? I don't get it. terrible",2024-04-08T22:13:08.000+00:00
sephora,Fenty Beauty,Pro Filt'r - 495 Very Deep Cool,https://www.sephora.com/product/pro-filtr-soft-matte-longwear-foundation-P87985432?skuId=2164689,3,"Please buy mini size if it's your first time using. Unfortunately it was too drying and patchy for me, i felt like I applied paint on my face. It is however full coverage which i like and it actually matched my skin tone once it oxidised. I think for my full coverage foundation, I'll stick to my Bobbi Brown until I find something better. I have oily skin.",2024-04-07T09:37:44.000+00:00
sephora,Fenty Beauty,Pro Filt'r - 495 Very Deep Cool,https://www.sephora.com/product/pro-filtr-soft-matte-longwear-foundation-P87985432?skuId=2164689,1,Was matched in store but way too light on skin. Need to return and exchange.,2024-04-05T19:24:21.000+00:00
sephora,Fenty Beauty,Pro Filt'r - 495 Very Deep Cool,https://www.sephora.com/product/pro-filtr-soft-matte-longwear-foundation-P87985432?skuId=2164689,5,"Love it, applying is so smooth,no cracks, very light, coverage is medium, will recommend for daily makeup.",2024-04-03T23:10:38.000+00:00
sephora,Fenty Beauty,Pro Filt'r - 495 Very Deep Cool,https://www.sephora.com/product/pro-filtr-soft-matte-longwear-foundation-P87985432?skuId=2164689,5,"Finally found a shade that matches with my skin, it goes on smooth and feels like your not wearing too much! I love Fenty more and more!",2024-04-02T04:18:26.000+00:00
sephora,Fenty Beauty,Pro Filt'r - 495 Very Deep Cool,https://www.sephora.com/product/pro-filtr-soft-matte-longwear-foundation-P87985432?skuId=2164689,3,"This is okay it has an orange tint to it I would recommend using one pump of this and another foundation to mix it together to get your perfect color match, again a little goes along way",2024-04-01T11:33:36.000+00:00
sephora,Fenty Beauty,Pro Filt'r - 495 Very Deep Cool,https://www.sephora.com/product/pro-filtr-soft-matte-longwear-foundation-P87985432?skuId=2164689,4,Finally found a foundation with the right shade match..I was tired of trying different foundation samples at sephora as I have dry senstive skin and would break out. This is the perfect shade match and didn't break me out. It does dry my skin after 2-3 hours of wearing. Can't wear it on a daily basis at work due to it's drying effect.Hope Fenty comes up with a foundation for dry skin.,2024-04-01T03:46:28.000+00:00
sephora,Fenty Beauty,Pro Filt'r - 495 Very Deep Cool,https://www.sephora.com/product/pro-filtr-soft-matte-longwear-foundation-P87985432?skuId=2164689,3,uhhjmhh it's good good coverage idk it looks a tiny bit spotty and cakey but,2024-03-29T16:36:39.000+00:00
sephora,Fenty Beauty,Pro Filt'r - 495 Very Deep Cool,https://www.sephora.com/product/pro-filtr-soft-matte-longwear-foundation-P87985432?skuId=2164689,5,"I have always been wearing foundation that wasn’t quite a match. Mixing two, or even three to get close. Enter Fenty. I audibly gasped when I tried the light warm olive shade. It melted into my skin, a perfect match. Great coverage without feeling heavy too. I’m sold!",2024-03-29T10:50:35.000+00:00
sephora,Fenty Beauty,Pro Filt'r - 495 Very Deep Cool,https://www.sephora.com/product/pro-filtr-soft-matte-longwear-foundation-P87985432?skuId=2164689,5,"I loved it.! I have never been able to find my correct tone in foundations, and this one, omg is so accurate. I will definitely be using this one for the rest of my life.",2024-03-28T17:46:56.000+00:00
sephora,Fenty Beauty,Pro Filt'r - 495 Very Deep Cool,https://www.sephora.com/product/pro-filtr-soft-matte-longwear-foundation-P87985432?skuId=2164689,1,"Oxidizes like crazy, highlights dry patches i didn’t even know were there",2024-03-27T22:36:22.000+00:00
sephora,Fenty Beauty,Pro Filt'r - 495 Very Deep Cool,https://www.sephora.com/product/pro-filtr-soft-matte-longwear-foundation-P87985432?skuId=2164689,5,Great for full coverage makeup! Hides flaws really well and is long lasting,2024-03-27T11:13:40.000+00:00
sephora,Fenty Beauty,Pro Filt'r - 495 Very Deep Cool,https://www.sephora.com/product/pro-filtr-soft-matte-longwear-foundation-P87985432?skuId=2164689,5,I have been using since 2016. Works well with my oily skin and the foundation is super light. My makeup comes out looking flawless the whole day,2024-03-25T07:14:53.000+00:00
sephora,Fenty Beauty,Pro Filt'r - 495 Very Deep Cool,https://www.sephora.com/product/pro-filtr-soft-matte-longwear-foundation-P87985432?skuId=2164689,5,I've been using the make up for about two weeks now and i really love it. It feels light yet it has very good coverage also smells good too. I like how it makes my skin feel silky. It also last threw out the day I'm very active in sports and it's great.,2024-03-24T19:11:36.000+00:00
sephora,Fenty Beauty,Pro Filt'r - 495 Very Deep Cool,https://www.sephora.com/product/pro-filtr-soft-matte-longwear-foundation-P87985432?skuId=2164689,3,"This was my go-to foundation because I loved the consistency of the product and how well it matched my skin tone, It wasn't until recently that I realized how patchy it was - even after using a primer. I have Dry/Combo skin.",2024-03-20T17:43:41.000+00:00
sephora,Fenty Beauty,Pro Filt'r - 495 Very Deep Cool,https://www.sephora.com/product/pro-filtr-soft-matte-longwear-foundation-P87985432?skuId=2164689,5,"I have tried so many “matte” foundations/primers/setting sprays/powders over the years. This is the ONLY foundation that prevents any kind of oiliness. I don’t look dry, either. It does set fast, but I love that.",2024-03-18T06:28:49.000+00:00
sephora,Fenty Beauty,Pro Filt'r - 495 Very Deep Cool,https://www.sephora.com/product/pro-filtr-soft-matte-longwear-foundation-P87985432?skuId=2164689,3,"The foundation is not bad at all. But Sephora should do better and employ people of color in the Canada stores...we understand our skin tones better...well, I was sold a color darker than my skin even after explaining to the sales advisor..she just assumed that because I am a very light skinned african, I must used everything tan. Not good...Apart from that, the Foundation is good, light to the skin and smooth too, I just wish I got my exact color..Next time will have pick color myself than relying on the sales advisors.",2024-03-12T21:53:33.000+00:00
sephora,Fenty Beauty,Pro Filt'r - 495 Very Deep Cool,https://www.sephora.com/product/pro-filtr-soft-matte-longwear-foundation-P87985432?skuId=2164689,4,"Consistency is a little thin. Lovely, mostly matte coverage if correctly and generously applied. However, pre moisturizing is a MUST as it can settle into fine lines and highlight imperfections, at least on fair skin.",2024-03-11T04:42:47.000+00:00
sephora,Fenty Beauty,Pro Filt'r - 495 Very Deep Cool,https://www.sephora.com/product/pro-filtr-soft-matte-longwear-foundation-P87985432?skuId=2164689,2,Very disappointing. Does not provide full coverage when applied and becomes extremely patchy after a few hours of wear.,2024-03-11T00:48:57.000+00:00
sephora,Fenty Beauty,Pro Filt'r - 495 Very Deep Cool,https://www.sephora.com/product/pro-filtr-soft-matte-longwear-foundation-P87985432?skuId=2164689,5,Super nice coverage always get complimented on it this is my third bottle I love it!,2024-03-10T20:16:38.000+00:00
sephora,Fenty Beauty,Pro Filt'r - 495 Very Deep Cool,https://www.sephora.com/product/pro-filtr-soft-matte-longwear-foundation-P87985432?skuId=2164689,4,I love this foundation!! The only thing I struggle with is it pealing when I use my skincare prior! I need to find either a oil or silicone moisturizer but I can’t! Any water moisturizer it makes it peal,2024-03-10T01:14:03.000+00:00
sephora,Fenty Beauty,Pro Filt'r - 495 Very Deep Cool,https://www.sephora.com/product/pro-filtr-soft-matte-longwear-foundation-P87985432?skuId=2164689,5,"found the perfect match!!! I cant believe the impossible has been achieved LOL. Even after drying on my skin, it did not change shade so I loved that. I have oily/combo skin and this looks extremely natural on me.",2024-03-06T00:24:59.000+00:00
sephora,Fenty Beauty,Pro Filt'r - 495 Very Deep Cool,https://www.sephora.com/product/pro-filtr-soft-matte-longwear-foundation-P87985432?skuId=2164689,1,"Didnt like the formula at all, it was patchy on the skin as I was applying it.",2024-03-04T14:58:01.000+00:00
sephora,Fenty Beauty,Pro Filt'r - 495 Very Deep Cool,https://www.sephora.com/product/pro-filtr-soft-matte-longwear-foundation-P87985432?skuId=2164689,1,Minus the fact that the Sephora worker picked the wrong shade for me. He said that it “oxidizes” meaning it gets darker as it blends in. It definitely did not! Around my mouth area it stayed white also I hate the formula. Love you Rhi but the foundation is not IT. I can’t explain it but I like foundations to have a creamy consistency that glides in skin. Fenty beauty foundation felt more of a liquid powder on the skin and I could tell my skin just did not like this at all.,2024-03-04T12:15:35.000+00:00
sephora,Fenty Beauty,Pro Filt'r - 495 Very Deep Cool,https://www.sephora.com/product/pro-filtr-soft-matte-longwear-foundation-P87985432?skuId=2164689,5,Love this foundation. Feels light on my skin and has a good glow to it as well. Doesn’t look like you’re wearing anything with this foundation.,2024-03-03T05:03:17.000+00:00
sephora,Fenty Beauty,Pro Filt'r - 495 Very Deep Cool,https://www.sephora.com/product/pro-filtr-soft-matte-longwear-foundation-P87985432?skuId=2164689,4,"EXTREMELY long wear! As a normal skinned person I don’t find this drying, I can see how it could be way too drying for dry skin. The coverage is amazing and the shade options are literally amazing",2024-02-28T05:02:22.000+00:00
sephora,Fenty Beauty,Pro Filt'r - 495 Very Deep Cool,https://www.sephora.com/product/pro-filtr-soft-matte-longwear-foundation-P87985432?skuId=2164689,3,"Foundation is basic - it offers nice coverage, but formula oxides so the color may not work as nicely. Foundation does not last all day, becomes patchy and transfers easily.",2024-02-27T17:47:48.000+00:00
sephora,Fenty Beauty,Pro Filt'r - 495 Very Deep Cool,https://www.sephora.com/product/pro-filtr-soft-matte-longwear-foundation-P87985432?skuId=2164689,4,"Great colour match until it oxidizes. Unfortunately it gets too orange. I'll have to try 350 or something lower

Also..it looks incredibly cakey. Fenty had a line before which was much better and went on smooth but it has been discontinued. 

A little goes..nowhere. Estee Lauder Double Wear definitely applies so much better",2024-02-26T19:59:27.000+00:00
sephora,Fenty Beauty,Pro Filt'r - 495 Very Deep Cool,https://www.sephora.com/product/pro-filtr-soft-matte-longwear-foundation-P87985432?skuId=2164689,2,"Wanted to love it. Not for dry skin. Tried prepping better, but couldn’t do it.",2024-02-25T23:33:55.000+00:00
sephora,Fenty Beauty,Pro Filt'r - 495 Very Deep Cool,https://www.sephora.com/product/pro-filtr-soft-matte-longwear-foundation-P87985432?skuId=2164689,4,"I can honestly say I like this foundation but it can be tricky to work this product, and yes it's dry and that's why you need to use a good moisturizer/primer  before applying this foundation.",2024-02-25T16:14:53.000+00:00
sephora,Fenty Beauty,Pro Filt'r - 495 Very Deep Cool,https://www.sephora.com/product/pro-filtr-soft-matte-longwear-foundation-P87985432?skuId=2164689,1,"this oxidizes like CRAZY. it looks fine upon application, but then it gets SO orange. it's also VERY thick looking on the face. it doesn't last very long, which is disappointing considering it's a matte longwear foundation. love the soft matte finish upon application, though.",2024-02-25T06:43:46.000+00:00
sephora,Fenty Beauty,Pro Filt'r - 495 Very Deep Cool,https://www.sephora.com/product/pro-filtr-soft-matte-longwear-foundation-P87985432?skuId=2164689,5,this is my go-to in the winter!! this truly looks like skin and also fits my skintone perfect. BUT it oxidizes after ~8 hrs of wear. other than that it’s great,2024-02-23T01:02:44.000+00:00
sephora,Fenty Beauty,Pro Filt'r - 495 Very Deep Cool,https://www.sephora.com/product/pro-filtr-soft-matte-longwear-foundation-P87985432?skuId=2164689,1,It was really patchy and definitely not made for dry skin. I applied it with a brush first then blended it out with a sponge like most have suggested but it refused to blend out completely and was streaky!,2024-02-22T23:02:36.000+00:00
sephora,Fenty Beauty,Pro Filt'r - 495 Very Deep Cool,https://www.sephora.com/product/pro-filtr-soft-matte-longwear-foundation-P87985432?skuId=2164689,5,"Absolutely loving my experience using Fenty Beauty's Pro Filt'r Soft Matte Longwear Liquid Foundation in shade 185! This product lives up to its reputation. The shade 185 is a perfect match for my skin tone, effortlessly blending to provide a flawless, natural-looking finish. What sets this foundation apart is its soft matte formula, which controls shine without leaving my skin feeling dry or cakey. The longwear aspect is no joke – it stays put all day without fading or settling into fine lines. Plus, the buildable coverage allows me to customize my look from sheer to full, depending on my preference. I couldn't be happier with the results and highly recommend it!!",2024-02-16T22:16:55.000+00:00
sephora,Fenty Beauty,Pro Filt'r - 495 Very Deep Cool,https://www.sephora.com/product/pro-filtr-soft-matte-longwear-foundation-P87985432?skuId=2164689,2,Can’t really explain why but I don’t like it. I have other Fenty products I was expecting more from this product but didn’t satisfy me,2024-02-16T22:05:58.000+00:00
sephora,Fenty Beauty,Pro Filt'r - 495 Very Deep Cool,https://www.sephora.com/product/pro-filtr-soft-matte-longwear-foundation-P87985432?skuId=2164689,1,"I literally a wasted money, I never return make up so I try to choose wisely but this is not what u expect 
This SEPARATES, create PATCHES. Riri….. 1/10",2024-02-15T21:01:02.000+00:00
sephora,Fenty Beauty,Pro Filt'r - 495 Very Deep Cool,https://www.sephora.com/product/pro-filtr-soft-matte-longwear-foundation-P87985432?skuId=2164689,5,I love this foundation because it provides full coverage and long lasting results. Didn’t expirence oxidation and transfer proof.,2024-02-14T17:16:56.000+00:00
sephora,Fenty Beauty,Pro Filt'r - 495 Very Deep Cool,https://www.sephora.com/product/pro-filtr-soft-matte-longwear-foundation-P87985432?skuId=2164689,5,I love this! I recently came back to it and I’m hooked again ! Love the matte finish looks airbrushed.,2024-02-13T05:19:15.000+00:00
sephora,Fenty Beauty,Pro Filt'r - 495 Very Deep Cool,https://www.sephora.com/product/pro-filtr-soft-matte-longwear-foundation-P87985432?skuId=2164689,2,"Did they change the formula??

I've been using Fenty for years.... and I loved it up to last year. 

I have blamed every possible reason... blamed my moisturizer, my primer, my setting spray, my blending sponge.... and I adjusted everything... i bought some of the most expensive stuff to go with it, but no change. 

My foundation seems more cakey and it's separates in spots... by the end of the day- im like 4 different shades.  
I'm not happy and it's time to change.",2024-02-11T19:24:18.000+00:00
sephora,Fenty Beauty,Pro Filt'r - 495 Very Deep Cool,https://www.sephora.com/product/pro-filtr-soft-matte-longwear-foundation-P87985432?skuId=2164689,3,"Will work with normal/oily skin types, breaks down on very oily skin. Good shade range, doesn’t oxidize. Medium coverage, no issues with blending. Doesn’t last as long as other foundations, starts to break down 7-8 hours",2024-02-09T20:58:25.000+00:00
sephora,Fenty Beauty,Pro Filt'r - 495 Very Deep Cool,https://www.sephora.com/product/pro-filtr-soft-matte-longwear-foundation-P87985432?skuId=2164689,1,I’ve been using this foundation for a while now and I can’t seem to apply it right or it’s the formula. But I looks cakey and chalky,2024-02-08T20:00:18.000+00:00
sephora,Fenty Beauty,Pro Filt'r - 495 Very Deep Cool,https://www.sephora.com/product/pro-filtr-soft-matte-longwear-foundation-P87985432?skuId=2164689,1,"After using this product for about 2 weeks I have noticed that it separates on the skin and is definitely not for dry skin. It is patchy and looks extremely dry on. Perfect color match but horrible at first I thought it was just my primer sense I had bought a new primer too, but after trying many different things I knew it was the foundation. foundation.",2024-02-07T19:03:30.000+00:00
sephora,Fenty Beauty,Pro Filt'r - 495 Very Deep Cool,https://www.sephora.com/product/pro-filtr-soft-matte-longwear-foundation-P87985432?skuId=2164689,1,"I love the formula on my skin but this brand has not mastered the undertones yet. I look yellow, i look like a mustard bottle.",2024-02-07T13:02:51.000+00:00
sephora,Fenty Beauty,Pro Filt'r - 495 Very Deep Cool,https://www.sephora.com/product/pro-filtr-soft-matte-longwear-foundation-P87985432?skuId=2164689,3,"I love Fenty, I love the shade range and I use the tint and I think it's great. For someone that has a neutral undertone and darker complexion I think Fenty does a great job to incorporate that. I was excited to try the product but for someone with very dry skin in the middle of breakout when I first purchased it didn't do great with coverage and lasting all day. When my skin isn't inflamed it does well with coverage but again, doesn't last all day. So I guess it depends on your skin type and what you're looking for. I probably will try to find another foundation brand eventually",2024-02-06T17:24:32.000+00:00
sephora,Fenty Beauty,Pro Filt'r - 495 Very Deep Cool,https://www.sephora.com/product/pro-filtr-soft-matte-longwear-foundation-P87985432?skuId=2164689,2,i liked the matte but def not for my skin. i have combo skin and noticed it had picks up on small dry spots and created patches would not repurchase. might be good for OILY skin,2024-02-06T02:09:15.000+00:00
sephora,Fenty Beauty,Pro Filt'r - 495 Very Deep Cool,https://www.sephora.com/product/pro-filtr-soft-matte-longwear-foundation-P87985432?skuId=2164689,1,"I wanted to like this product so bad considering this was my first expensive makeup product, but all I feel is regret buying this. Overall, I feel like the Sephora Worker didn’t color match me well and it looks way orangey for me. I won’t be buying this again.",2024-02-05T23:56:43.000+00:00
sephora,Fenty Beauty,Pro Filt'r - 495 Very Deep Cool,https://www.sephora.com/product/pro-filtr-soft-matte-longwear-foundation-P87985432?skuId=2164689,4,"The one thing I like about this foundation is it's light and doesn't give a mask-like feeling. It seems to be long-lasting, I've had my first bottle since early December. I'm still using 2 shades because my face tone is uneven. Thinking of getting an additional shade.",2024-02-05T16:47:44.000+00:00
sephora,Fenty Beauty,Pro Filt'r - 495 Very Deep Cool,https://www.sephora.com/product/pro-filtr-soft-matte-longwear-foundation-P87985432?skuId=2164689,1,after using this foundation it left my face cakey and patchy,2024-02-05T08:04:01.000+00:00
sephora,Fenty Beauty,Pro Filt'r - 495 Very Deep Cool,https://www.sephora.com/product/pro-filtr-soft-matte-longwear-foundation-P87985432?skuId=2164689,3,Have been dying to try this foundation. They were out of stock of my color in-store. So I ended up picking a shade 1 over. You really only need a SMALL amount of foundation. Was okay.,2024-02-04T21:52:18.000+00:00
sephora,Fenty Beauty,Pro Filt'r - 495 Very Deep Cool,https://www.sephora.com/product/pro-filtr-soft-matte-longwear-foundation-P87985432?skuId=2164689,5,"This is the best foundation I have tried, will recommend, it works amazing for my oily acne prone skin, it stays all day long and has a pretty good coverage!!!",2024-02-04T13:39:36.000+00:00
sephora,Fenty Beauty,Pro Filt'r - 495 Very Deep Cool,https://www.sephora.com/product/pro-filtr-soft-matte-longwear-foundation-P87985432?skuId=2164689,2,"overall the coverage was pretty good but when i used it it turned out very cakey and other people noticed it too, i thought it was my powder so i used no powder and still cakey!! i switched foundations to the fit me and works so much better!!",2024-02-03T15:38:13.000+00:00
sephora,Fenty Beauty,Pro Filt'r - 495 Very Deep Cool,https://www.sephora.com/product/pro-filtr-soft-matte-longwear-foundation-P87985432?skuId=2164689,1,"Make my skin break out… big pimples
Make my skin break out… big pimples",2024-02-03T07:07:27.000+00:00
sephora,Fenty Beauty,Pro Filt'r - 495 Very Deep Cool,https://www.sephora.com/product/pro-filtr-soft-matte-longwear-foundation-P87985432?skuId=2164689,5,"covers really good , i have combo skin & w my skin
prep it looks amazing & very smooth , def will repurchase ☺️🎀",2024-02-02T04:47:15.000+00:00
sephora,Fenty Beauty,Pro Filt'r - 495 Very Deep Cool,https://www.sephora.com/product/pro-filtr-soft-matte-longwear-foundation-P87985432?skuId=2164689,3,This used to be my go to foundation. The color match is perfect! but I’m not sure what they have done with the formulation. It transfers so badly and you can barely blend any other product with it! So disappointing,2024-02-01T15:27:39.000+00:00
sephora,Fenty Beauty,Pro Filt'r - 495 Very Deep Cool,https://www.sephora.com/product/pro-filtr-soft-matte-longwear-foundation-P87985432?skuId=2164689,5,Was pleasantly surprised with the buildable full coverage this foundation is able to achieve with a light and airy feeling when it's on. My new favorite,2024-01-31T17:37:05.000+00:00
sephora,Fenty Beauty,Pro Filt'r - 495 Very Deep Cool,https://www.sephora.com/product/pro-filtr-soft-matte-longwear-foundation-P87985432?skuId=2164689,5,Thus foundation feels light weight and looks amazing! I’m definitely putting this in my everyday routine,2024-01-31T01:05:31.000+00:00
sephora,Fenty Beauty,Pro Filt'r - 495 Very Deep Cool,https://www.sephora.com/product/pro-filtr-soft-matte-longwear-foundation-P87985432?skuId=2164689,5,"Absolutely love this foundation, it’s got great full coverage and blends very nicely.",2024-01-29T10:31:44.000+00:00
sephora,Fenty Beauty,Pro Filt'r - 495 Very Deep Cool,https://www.sephora.com/product/pro-filtr-soft-matte-longwear-foundation-P87985432?skuId=2164689,3,Not good for dry skin. It does oxidized I don’t like it for my skin so I returned.,2024-01-29T04:19:08.000+00:00
sephora,Fenty Beauty,Pro Filt'r - 495 Very Deep Cool,https://www.sephora.com/product/pro-filtr-soft-matte-longwear-foundation-P87985432?skuId=2164689,3,"""I tried Fenty Beauty - color 250. The product design is beautiful, and I like it. The foundation color looks very natural, but the coverage is not great. If you have relatively flawless skin, this could be an okay choice. It can last for about 4-6 hours, not too long. I wouldn't buy it. I think it's not suitable for dry and sensitive skin.""",2024-01-29T03:47:39.000+00:00
sephora,Fenty Beauty,Pro Filt'r - 495 Very Deep Cool,https://www.sephora.com/product/pro-filtr-soft-matte-longwear-foundation-P87985432?skuId=2164689,3,i think it is making me break out to be honest and it feels too heavy on my face. but i think it's a me problem cause ik fenty beauty is amazing. the shade tho omg ive never had smth fit me so perfectlyyyy.,2024-01-27T19:00:49.000+00:00
sephora,Fenty Beauty,Pro Filt'r - 495 Very Deep Cool,https://www.sephora.com/product/pro-filtr-soft-matte-longwear-foundation-P87985432?skuId=2164689,5,"I am very, very impressed with this foundation.  The shade is perfect, it wears beautifully and the big selling point for me is that it doesn't settle into deep lines.  There is also no need for powder touch-ups during the day; it's long-lasting and the colour stays true.  I was already a big fan of the Fenty line and this foundation is its best product for me so far.",2024-01-27T11:38:10.000+00:00
sephora,Fenty Beauty,Pro Filt'r - 495 Very Deep Cool,https://www.sephora.com/product/pro-filtr-soft-matte-longwear-foundation-P87985432?skuId=2164689,2,"Not for dry or sensitive skin. Emphasized any dry patch on face, and even makes skin more dry throughout the day. This caused numerous whiteheads on my cheeks hours after application.",2024-01-27T03:33:41.000+00:00
sephora,Fenty Beauty,Pro Filt'r - 495 Very Deep Cool,https://www.sephora.com/product/pro-filtr-soft-matte-longwear-foundation-P87985432?skuId=2164689,5,Been using it for a while and I love how it goes with my skin. I have oily skin but with this foundation it doesn’t look too oily and it makes it look so soft,2024-01-27T00:41:29.000+00:00
sephora,Fenty Beauty,Pro Filt'r - 495 Very Deep Cool,https://www.sephora.com/product/pro-filtr-soft-matte-longwear-foundation-P87985432?skuId=2164689,5,This foundation not only is super light weight and feels like you have nothing on it also looks like you have nothing on. It’s so natural and dewy.,2024-01-24T04:48:47.000+00:00
sephora,Fenty Beauty,Pro Filt'r - 495 Very Deep Cool,https://www.sephora.com/product/pro-filtr-soft-matte-longwear-foundation-P87985432?skuId=2164689,3,"I think that it has good coverage but it dries down QUICK and it picks up on any dry spots. If you have oily skin it may be good, but if you have combo or dry skin I would stay far away.",2024-01-23T02:18:48.000+00:00
sephora,Fenty Beauty,Pro Filt'r - 495 Very Deep Cool,https://www.sephora.com/product/pro-filtr-soft-matte-longwear-foundation-P87985432?skuId=2164689,5,definitely not my 1st 2nd or 3rd fenty foundation purchase. super big shade range !!! and i’m trying them all,2024-01-23T02:06:49.000+00:00
sephora,Fenty Beauty,Pro Filt'r - 495 Very Deep Cool,https://www.sephora.com/product/pro-filtr-soft-matte-longwear-foundation-P87985432?skuId=2164689,5,This is honestly the best! It feels so light on my skin and looks flawless every time. I absolutely love this,2024-01-20T09:07:42.000+00:00
sephora,Fenty Beauty,Pro Filt'r - 495 Very Deep Cool,https://www.sephora.com/product/pro-filtr-soft-matte-longwear-foundation-P87985432?skuId=2164689,2,was so excited to try and was very let down :( doesn’t blend well at all. i tried all different sorts of primers and it still didn’t blend,2024-01-18T22:09:33.000+00:00
sephora,Fenty Beauty,Pro Filt'r - 495 Very Deep Cool,https://www.sephora.com/product/pro-filtr-soft-matte-longwear-foundation-P87985432?skuId=2164689,3,"Tried this product and actually liked the foundation, but my bottle stopped squirting and I’ve had to open it up to use more than half the time. Super messy and annoying while getting ready.",2024-01-18T10:25:00.000+00:00
sephora,Fenty Beauty,Pro Filt'r - 495 Very Deep Cool,https://www.sephora.com/product/pro-filtr-soft-matte-longwear-foundation-P87985432?skuId=2164689,2,initially I was very excited after getting color matched by an employee because the tone was spot on. however this product dried out my skin very quickly. it made existing lines very prominent and very patchy. I also would not consider it long wear by any means.,2024-01-18T02:20:36.000+00:00
sephora,Fenty Beauty,Pro Filt'r - 495 Very Deep Cool,https://www.sephora.com/product/pro-filtr-soft-matte-longwear-foundation-P87985432?skuId=2164689,4,"I have been using this foundation for over a year. I love the coverage (it covers acne scars very well), and it is not heavy at all. However I gave it four stars because, you will want to make sure your face is moisturized before using it. I do not recommend using on dry skin because it does not cover as nicely. I use a face moisturizer and primer before using this and it glides on smooth! I plan to continue using it! Just remember to moisturize first!",2024-01-17T20:57:05.000+00:00
sephora,Fenty Beauty,Pro Filt'r - 495 Very Deep Cool,https://www.sephora.com/product/pro-filtr-soft-matte-longwear-foundation-P87985432?skuId=2164689,5,"I love how this is actually matte if your looking for a matte foundation that is full coverage, lasts long, not drying and looks flawless on your skin then this foundation is a must have. I will be repurchasing thifoundation foundation",2024-01-17T02:33:34.000+00:00
sephora,Fenty Beauty,Pro Filt'r - 495 Very Deep Cool,https://www.sephora.com/product/pro-filtr-soft-matte-longwear-foundation-P87985432?skuId=2164689,2,"My skin type is combination with oily T zone. I loved the wide range of selection this brand had but I really don't see the hype of the formulation. This product sat on my skin and didn't really blend, it was basically just being pushed around by a brush or a beauty sponge. It transferred off really easily despite using different primers or setting powders/sprays. It really clung to my fine lines and created texture around my nose and mouth. I really wanted to like this brand and was excited to try it, but I just can't seem to find a way to make it work for me despite everything I've tried.",2024-01-16T22:17:39.000+00:00
sephora,Fenty Beauty,Pro Filt'r - 495 Very Deep Cool,https://www.sephora.com/product/pro-filtr-soft-matte-longwear-foundation-P87985432?skuId=2164689,4,"A good foundation, can add layers to increase coverage! I will say to make sure you get the right foundation for your undertones !!",2024-01-14T21:57:46.000+00:00
sephora,Fenty Beauty,Pro Filt'r - 495 Very Deep Cool,https://www.sephora.com/product/pro-filtr-soft-matte-longwear-foundation-P87985432?skuId=2164689,5,"I am obsessed with this product not only does it color match me perfectly, but it literally looks like I’m not wearing any make up! I love this brand and how it feels, and I also love their primers as well!",2024-01-14T20:55:37.000+00:00
sephora,Fenty Beauty,Pro Filt'r - 495 Very Deep Cool,https://www.sephora.com/product/pro-filtr-soft-matte-longwear-foundation-P87985432?skuId=2164689,3,"I love this foundation, it was my go-to for so long. Easily buildable to full coverage, lasts all day, but unfortunately it oxidizes a lot and causes my skin to break out with acne more than usual",2024-01-12T03:26:35.000+00:00
sephora,Fenty Beauty,Pro Filt'r - 495 Very Deep Cool,https://www.sephora.com/product/pro-filtr-soft-matte-longwear-foundation-P87985432?skuId=2164689,5,Beautiful tone... Difuminarlo es facilisimo se adaptó a mi tono hermosamente,2024-01-11T23:40:16.000+00:00
sephora,Fenty Beauty,Pro Filt'r - 495 Very Deep Cool,https://www.sephora.com/product/pro-filtr-soft-matte-longwear-foundation-P87985432?skuId=2164689,3,When I first tried this product I was satisfied until I noticed my base was turning yellow by the end of the day. This foundation oxidizes really bad and wouldn’t recommend for the price.Many better options out there:),2024-01-08T17:00:01.000+00:00
sephora,Fenty Beauty,Pro Filt'r - 495 Very Deep Cool,https://www.sephora.com/product/pro-filtr-soft-matte-longwear-foundation-P87985432?skuId=2164689,2,"Foundation leaves your makeup looking super patchy, and it dries really fast. I also have acne prone skin and this foundation made me break out.",2024-01-08T05:37:45.000+00:00
sephora,Fenty Beauty,Pro Filt'r - 495 Very Deep Cool,https://www.sephora.com/product/pro-filtr-soft-matte-longwear-foundation-P87985432?skuId=2164689,5,"My favorite foundation, been buying since 2017! it feels lightweight on, it doesn’t look cakey. It does oxidize a little but not an extreme amount.",2024-01-07T22:42:16.000+00:00
sephora,Fenty Beauty,Pro Filt'r - 495 Very Deep Cool,https://www.sephora.com/product/pro-filtr-soft-matte-longwear-foundation-P87985432?skuId=2164689,5,"Perfect shade for medium-tan girlies, has a beautiful yellow undertone. If you feel your shade oxidizes try two shades down with your correct undertone. The bottle looks light but it’s not, once you let your foundation settle in and adapt, it’s perfect. Controls your oils to make your makeup last for hours, I don’t touch up if I’m going for a dewy/glowy skin.",2024-01-07T15:51:31.000+00:00
sephora,Fenty Beauty,Pro Filt'r - 495 Very Deep Cool,https://www.sephora.com/product/pro-filtr-soft-matte-longwear-foundation-P87985432?skuId=2164689,5,"Oh my goshhh I love this foundation !! The coverage is definitely giving . Even though its a matte foundation it still left a little glow which I loveeee real bad . I wore it for over 6 hours with NO BUDGE! Def my fave foundation as of now, Rihanna did her big one 😭.",2024-01-07T05:48:22.000+00:00
sephora,Fenty Beauty,Pro Filt'r - 495 Very Deep Cool,https://www.sephora.com/product/pro-filtr-soft-matte-longwear-foundation-P87985432?skuId=2164689,2,I was really excited to try this but it just felt so heavy and it made my skin feel so dry and I attempted many different primers and some setting sprays but minutes after it felt so dry,2024-01-07T05:45:36.000+00:00
sephora,Fenty Beauty,Pro Filt'r - 495 Very Deep Cool,https://www.sephora.com/product/pro-filtr-soft-matte-longwear-foundation-P87985432?skuId=2164689,5,"I have recently been getting into makeup and I have a lot of acne and acne scars. I wanted something that could cover it up more than the other 2 foundations I have (both drugstore), and this blew my mind! So skin-like and has the perfect amount of coverage for me. It's also great for my combo (mostly oily) skin. Def a purchase!",2024-01-07T04:15:39.000+00:00
sephora,Fenty Beauty,Pro Filt'r - 495 Very Deep Cool,https://www.sephora.com/product/pro-filtr-soft-matte-longwear-foundation-P87985432?skuId=2164689,1,I tried to love this foundation but it made my skin so cakey. It made me breakout. It has a good coverage but it’s not worth $40!,2024-01-06T20:57:55.000+00:00
sephora,Fenty Beauty,Pro Filt'r - 495 Very Deep Cool,https://www.sephora.com/product/pro-filtr-soft-matte-longwear-foundation-P87985432?skuId=2164689,3,"I’ve been using this foundation for a while now. Firstly, a little goes a long way. I saw a lot of people complaining about it looking cakey and it’s only if you use more than one pump. Secondly, it’s literally a perfect match. They have an impeccable shade range. Thirdly, it does cling to dry paytches, so if you have dry skin this might not work for you. Lastly, the cap is very cheap and it broke on me when I went to put it back on. The bottle itself is nice and feels expensive (it’s glass). Overall it’s a decently good foundation but it’s not my favourite.",2024-01-05T04:11:50.000+00:00
sephora,Fenty Beauty,Pro Filt'r - 495 Very Deep Cool,https://www.sephora.com/product/pro-filtr-soft-matte-longwear-foundation-P87985432?skuId=2164689,3,"Purchased this twice but had to return back. It is very cakey on my extremely oily skin. For the primers, I was using ELF poreless liquid primer or smashbox blur and smooth photo finish but oily I really want to like it but sadly no. and cakey within 1 hr.",2024-01-04T06:16:03.000+00:00
sephora,Fenty Beauty,Pro Filt'r - 495 Very Deep Cool,https://www.sephora.com/product/pro-filtr-soft-matte-longwear-foundation-P87985432?skuId=2164689,5,"Amazing products , it looks amazing on the skin and it's pretty covering. Loveee",2024-01-03T14:05:27.000+00:00
sephora,Fenty Beauty,Pro Filt'r - 495 Very Deep Cool,https://www.sephora.com/product/pro-filtr-soft-matte-longwear-foundation-P87985432?skuId=2164689,1,"shade match was actually perfect! but i have oily combo skin and this foundation creased, went patchy everywhere and was hard to blend. so for me it’s a no.",2024-01-03T13:46:18.000+00:00
sephora,Fenty Beauty,Pro Filt'r - 495 Very Deep Cool,https://www.sephora.com/product/pro-filtr-soft-matte-longwear-foundation-P87985432?skuId=2164689,5,Love the way this blends in with my skin. My first Fenti purchase… won’t be my last!,2024-01-02T03:08:42.000+00:00
sephora,Fenty Beauty,Pro Filt'r - 495 Very Deep Cool,https://www.sephora.com/product/pro-filtr-soft-matte-longwear-foundation-P87985432?skuId=2164689,4,I have combination skin mostly oily so this product works great on me if you have oily skin definitely give it a go lasts a long time and no shine but I wouldn’t recommend it to people with dry skin,2023-12-31T10:01:23.000+00:00
sephora,Fenty Beauty,Pro Filt'r - 495 Very Deep Cool,https://www.sephora.com/product/pro-filtr-soft-matte-longwear-foundation-P87985432?skuId=2164689,1,"listen I love Rihanna and I’m sure fenty has other good products, but when I tell you this foundation is dry, that’s an understatement. My foundation was cracked and creased. I prepped with moisturizer and primer, tried different application techniques, everything. The way this product is marketed it makes it seem like it’s versatile and for many skin types. I would only use it if I had very oily skin.",2023-12-30T08:01:35.000+00:00
sephora,Fenty Beauty,Pro Filt'r - 495 Very Deep Cool,https://www.sephora.com/product/pro-filtr-soft-matte-longwear-foundation-P87985432?skuId=2164689,5,"Fenty Beauty is the best color match I've ever had. I'm pretty pale and most drugstore shades are too dark, too yellow, too orange, too something. Fenty shade 120 is the closest match to my skin I've used and I can hardly tell I put it on once I've blended it in! I have both the foundation and the powder, and don't plan on switching brands anytime soon. It also lasts me a really long time, so it's a great value.",2023-12-29T02:31:48.000+00:00
sephora,Fenty Beauty,Pro Filt'r - 495 Very Deep Cool,https://www.sephora.com/product/pro-filtr-soft-matte-longwear-foundation-P87985432?skuId=2164689,3,"Shade match is nice, but this isn’t matte enough! I get oily an hour after applying.",2023-12-28T04:29:29.000+00:00
sephora,Fenty Beauty,Pro Filt'r - 495 Very Deep Cool,https://www.sephora.com/product/pro-filtr-soft-matte-longwear-foundation-P87985432?skuId=2164689,2,I have been using this product for the past week and it is just to cakes,2023-12-27T19:47:36.000+00:00
sephora,Fenty Beauty,Pro Filt'r - 495 Very Deep Cool,https://www.sephora.com/product/pro-filtr-soft-matte-longwear-foundation-P87985432?skuId=2164689,5,I love that it makes my skin look filtered and that its very light weight.,2023-12-26T20:28:37.000+00:00
sephora,Fenty Beauty,Pro Filt'r - 495 Very Deep Cool,https://www.sephora.com/product/pro-filtr-soft-matte-longwear-foundation-P87985432?skuId=2164689,5,"this pairs amazing with the tatcha liquid primer! As long as you prep right, this foundation isn’t too drying and it looks better the longer you wear it!",2023-12-26T16:29:28.000+00:00
sephora,Fenty Beauty,Pro Filt'r - 495 Very Deep Cool,https://www.sephora.com/product/pro-filtr-soft-matte-longwear-foundation-P87985432?skuId=2164689,5,"Full coverage and so light weight it feels like I’m not wearing makeup. It dries very quickly so I just tap it on the skin with my finger and it dries instantly , I wouldn’t use a blender or brush. I can go to the gym and do cardio and get all sweaty and the foundation stays in place. It lasts all day without rubbing off or separating and I have oily skin.  I’ve had multiple people tell me they thought I wasn’t wearing makeup because it literally looks like natural skin once it dries.",2023-12-26T15:00:34.000+00:00
sephora,Fenty Beauty,Pro Filt'r - 495 Very Deep Cool,https://www.sephora.com/product/pro-filtr-soft-matte-longwear-foundation-P87985432?skuId=2164689,5,I am in love with this foundation. It is medium to full coverage and is not patchy at all. My blush and contour go on so beautiful with this. It’s a must have!,2023-12-24T21:08:11.000+00:00
sephora,Fenty Beauty,Pro Filt'r - 495 Very Deep Cool,https://www.sephora.com/product/pro-filtr-soft-matte-longwear-foundation-P87985432?skuId=2164689,5,J’adore ce fond de teint! Ça faisait longtemps que je cherchais un fond de teint qui se blend sans séparé sur ma peau mais qui en même temps demeure léger… et bien j’ai trouvé!,2023-12-23T18:16:25.000+00:00
sephora,Fenty Beauty,Pro Filt'r - 495 Very Deep Cool,https://www.sephora.com/product/pro-filtr-soft-matte-longwear-foundation-P87985432?skuId=2164689,4,"It’s one of the most diverse/inclusive brands for sure, I still have to mix it with another shade or two to get my tone and so there’s def room for improvement. It’s easy to blend and apply and it is full coverage if you’re lucky enough to get a single shade that matches your skin. The light and dark shades are quite intensive the in-between ones need a bit more shades.",2023-12-23T06:22:14.000+00:00
sephora,Fenty Beauty,Pro Filt'r - 495 Very Deep Cool,https://www.sephora.com/product/pro-filtr-soft-matte-longwear-foundation-P87985432?skuId=2164689,5,"Best foundation I’ve tried this far, I get so many compliments everytime I use it, it looks like 
 wearing a filter irl, Definitely will buy again🥰",2023-12-21T20:57:47.000+00:00
sephora,Fenty Beauty,Pro Filt'r - 495 Very Deep Cool,https://www.sephora.com/product/pro-filtr-soft-matte-longwear-foundation-P87985432?skuId=2164689,3,"Really sad because this was a perfect match for me. It never settles well on my skin. I have normal to combination skin. Doesn’t blend well, super patchy less than an hour later. Total waste of $40- I don’t recommend!",2023-12-20T19:38:35.000+00:00
sephora,Fenty Beauty,Pro Filt'r - 495 Very Deep Cool,https://www.sephora.com/product/pro-filtr-soft-matte-longwear-foundation-P87985432?skuId=2164689,4,the only foundation that won’t separate on my skin. i could sweat extensively in it and nothing will happen… but i don’t love the finish sadly i wish it weren’t so matte,2023-12-20T09:37:20.000+00:00
sephora,Fenty Beauty,Pro Filt'r - 495 Very Deep Cool,https://www.sephora.com/product/pro-filtr-soft-matte-longwear-foundation-P87985432?skuId=2164689,1,The color is  too light for my skin tone. and happy with this color,2023-12-20T04:36:44.000+00:00
sephora,Fenty Beauty,Pro Filt'r - 495 Very Deep Cool,https://www.sephora.com/product/pro-filtr-soft-matte-longwear-foundation-P87985432?skuId=2164689,1,"This separated after only a few hours, burned my skin throughout the day and dried out my skin. It’s looked so bad",2023-12-20T01:26:34.000+00:00
sephora,Fenty Beauty,Pro Filt'r - 495 Very Deep Cool,https://www.sephora.com/product/pro-filtr-soft-matte-longwear-foundation-P87985432?skuId=2164689,5,"This has become my favorite foundation. I couldn't get my color for a while anywhere and am so glad to have it. I have super dry skin. I put it on after moisturizer or primer and it lasts all day, and I have to confess, on Saturday if I didn't take my makeup off it still looks the same. I have also tried her lip oil. I didn't even know who the company was owned by for a long time. Makeup lasts 6 or 7 months with everyday use. If your skin is super dry, or needs exfoliated, it's going to clump any full coverage. put a dot on your pointer finger or brush. all you need. Any more than that you will be a clown lol. I did that the first time",2023-12-17T06:00:29.000+00:00
sephora,Fenty Beauty,Pro Filt'r - 495 Very Deep Cool,https://www.sephora.com/product/pro-filtr-soft-matte-longwear-foundation-P87985432?skuId=2164689,1,"Most unflattering foundation ever, beyond drying and just doesnt look good on the skin",2023-12-14T20:43:30.000+00:00
sephora,Fenty Beauty,Pro Filt'r - 495 Very Deep Cool,https://www.sephora.com/product/pro-filtr-soft-matte-longwear-foundation-P87985432?skuId=2164689,3,"I’ve used this as my daily and it’s fine… I don’t have concerns about it. It does her job but the only thing it has a Matte finish and I prefer glowy and dewy foundations. If you have oily skin, this could help.",2023-12-13T23:29:22.000+00:00
sephora,Fenty Beauty,Pro Filt'r - 495 Very Deep Cool,https://www.sephora.com/product/pro-filtr-soft-matte-longwear-foundation-P87985432?skuId=2164689,4,I love this I use it everyday and a little goes a long way however $40?! That’s a little extreme but if you feel like spending $40 on foundation it gets the job done,2023-12-09T19:07:43.000+00:00
sephora,Fenty Beauty,Pro Filt'r - 495 Very Deep Cool,https://www.sephora.com/product/pro-filtr-soft-matte-longwear-foundation-P87985432?skuId=2164689,5,I love this foundation! I have oily skin and this works perfect for me it doesn’t separate for me or nothing i really like this product .,2023-12-07T04:38:06.000+00:00
sephora,Fenty Beauty,Pro Filt'r - 495 Very Deep Cool,https://www.sephora.com/product/pro-filtr-soft-matte-longwear-foundation-P87985432?skuId=2164689,5,"I work 12 hours without breaks and it still looks really good even tho i have really oily skin, i totally recommend.",2023-12-06T14:34:19.000+00:00
sephora,Fenty Beauty,Pro Filt'r - 495 Very Deep Cool,https://www.sephora.com/product/pro-filtr-soft-matte-longwear-foundation-P87985432?skuId=2164689,5,It rocks. buy it! I love it. will be back for a summer darker shade.,2023-12-05T17:14:45.000+00:00
sephora,Fenty Beauty,Pro Filt'r - 495 Very Deep Cool,https://www.sephora.com/product/pro-filtr-soft-matte-longwear-foundation-P87985432?skuId=2164689,5,"I absolutely love it. In the water, it doesn’t budge either. My first big brand foundation- it is worth every penny of it, stop thinking on it, get it!",2023-12-04T17:15:54.000+00:00
sephora,Fenty Beauty,Pro Filt'r - 495 Very Deep Cool,https://www.sephora.com/product/pro-filtr-soft-matte-longwear-foundation-P87985432?skuId=2164689,3,Okay so like when I went to sephora I got some help with the colour test and I chose fenty but like when she put the foundation on my face i was amazed like how does it match my skin so perfectly was it magic??,2023-12-03T21:41:45.000+00:00
sephora,Fenty Beauty,Pro Filt'r - 495 Very Deep Cool,https://www.sephora.com/product/pro-filtr-soft-matte-longwear-foundation-P87985432?skuId=2164689,5,I have tried this foundation for the first time and I definitely had to restock on it! It is a full-coverage foundation and makes my skin look so smooth and so good. 10/10 recommend 👌,2023-12-02T03:34:23.000+00:00
sephora,Fenty Beauty,Pro Filt'r - 495 Very Deep Cool,https://www.sephora.com/product/pro-filtr-soft-matte-longwear-foundation-P87985432?skuId=2164689,5,This is my all time favorite foundation. Goes on so smooth and looks beautiful and stays that way throughout the day,2023-12-02T01:25:08.000+00:00
sephora,Fenty Beauty,Pro Filt'r - 495 Very Deep Cool,https://www.sephora.com/product/pro-filtr-soft-matte-longwear-foundation-P87985432?skuId=2164689,4,"Loved it, really helps with my acne and oily skin. Look nice throughout the day for me. But might not be good for all skin types",2023-11-29T00:14:20.000+00:00
sephora,Fenty Beauty,Pro Filt'r - 495 Very Deep Cool,https://www.sephora.com/product/pro-filtr-soft-matte-longwear-foundation-P87985432?skuId=2164689,1,"I tried liking this product, but every time I used it the more I grew to dislike it more and more. It's not that it's a bad product, it just didn't work on my combination skin. It felt very dry and thick to blend. I ended up returning it.",2023-11-28T08:36:13.000+00:00
sephora,Fenty Beauty,Pro Filt'r - 495 Very Deep Cool,https://www.sephora.com/product/pro-filtr-soft-matte-longwear-foundation-P87985432?skuId=2164689,5,After using this product for several months people have ask me what foundation I use I always tell them it’s fenty beauty! My skin looks like I have a filter ! I love this foundation! My skin is very oily but this helps me a lot !!,2023-11-28T06:58:55.000+00:00
sephora,Fenty Beauty,Pro Filt'r - 495 Very Deep Cool,https://www.sephora.com/product/pro-filtr-soft-matte-longwear-foundation-P87985432?skuId=2164689,3,"I liked the coverage and the shade match was PERFECT, but the formula broke out my skin, so if you have sensitive skin I would be wary.",2023-11-27T00:39:14.000+00:00
sephora,Fenty Beauty,Pro Filt'r - 495 Very Deep Cool,https://www.sephora.com/product/pro-filtr-soft-matte-longwear-foundation-P87985432?skuId=2164689,1,This product was not it. There’s just a lack of coverage and the color was not giving. Do not recommend.,2023-11-25T08:47:50.000+00:00
sephora,Fenty Beauty,Pro Filt'r - 495 Very Deep Cool,https://www.sephora.com/product/pro-filtr-soft-matte-longwear-foundation-P87985432?skuId=2164689,1,Was not for me I have combination skin with a very oily T zone this foundation emphasizes your dry spots and settles in your pores and your fine lines and it’s get patchy will be returning.,2023-11-23T21:35:29.000+00:00
sephora,Fenty Beauty,Pro Filt'r - 495 Very Deep Cool,https://www.sephora.com/product/pro-filtr-soft-matte-longwear-foundation-P87985432?skuId=2164689,1,"It emphasizes every dry patch and sank into all my pores. I tried with a sponge and brush but still didn’t look right one me. :( Also, it dries way too fast so the foundation ended up looked patchy to me. Disappointed for sure",2023-11-20T14:03:56.000+00:00
sephora,Fenty Beauty,Pro Filt'r - 495 Very Deep Cool,https://www.sephora.com/product/pro-filtr-soft-matte-longwear-foundation-P87985432?skuId=2164689,2,This foundation came in a perfect color match for me but the quality did not match the price point.Application was wonderful but within an hour my foundation would be patchy- no creasing though.,2023-11-20T03:36:20.000+00:00
sephora,Fenty Beauty,Pro Filt'r - 495 Very Deep Cool,https://www.sephora.com/product/pro-filtr-soft-matte-longwear-foundation-P87985432?skuId=2164689,4,"Not quite sure that I got the correct shade to match my skin undertones but it definitely gives a nice blurring effect. As the name suggests, it's like a nice soft filter over your skin.",2023-11-19T16:13:02.000+00:00
sephora,Fenty Beauty,Pro Filt'r - 495 Very Deep Cool,https://www.sephora.com/product/pro-filtr-soft-matte-longwear-foundation-P87985432?skuId=2164689,4,"I like the formula and you can build it to the coverage your want, it definitely does last a long time but be sure to use a primer and setting spray or it will transfer super easy. It leaves a nice finish to your face and I haven’t noticed it cracking or separating on my skin. Overall I would recommend it, especially if your wanting a foundation with a matte buildable  coverage ￼",2023-11-19T00:59:36.000+00:00
sephora,Fenty Beauty,Pro Filt'r - 495 Very Deep Cool,https://www.sephora.com/product/pro-filtr-soft-matte-longwear-foundation-P87985432?skuId=2164689,5,"I love love love this foundation. I thought I didn’t get the right color because it looked yellow on my skin, but once it dried down it’s perfect. It covers up any blemishes I have and is buildable.",2023-11-18T20:09:21.000+00:00
sephora,Fenty Beauty,Pro Filt'r - 495 Very Deep Cool,https://www.sephora.com/product/pro-filtr-soft-matte-longwear-foundation-P87985432?skuId=2164689,1,I broke me out in my neck for months until I finish the fundation within days I didn't have any more acne. Color was nice and I liked the finish but I'll stay far away from this fundation in the future.,2023-11-18T03:16:37.000+00:00
sephora,Fenty Beauty,Pro Filt'r - 495 Very Deep Cool,https://www.sephora.com/product/pro-filtr-soft-matte-longwear-foundation-P87985432?skuId=2164689,1,I really thought I was going to love this product since I love their other foundation but it’s terrible. it dries up super quick and leaves my makeup patchy even after moisturizing ￼really good. I have dry skin￼ but the employee matched me to this so I idkwhy I hate it,2023-11-17T02:02:58.000+00:00
sephora,Fenty Beauty,Pro Filt'r - 495 Very Deep Cool,https://www.sephora.com/product/pro-filtr-soft-matte-longwear-foundation-P87985432?skuId=2164689,2,"Was disappointed that once blended this foundation is not high coverage. It gives me a cakey finish, does not cover any bumps or redness and makes dry skin appear dryer",2023-11-16T21:45:06.000+00:00
sephora,Fenty Beauty,Pro Filt'r - 495 Very Deep Cool,https://www.sephora.com/product/pro-filtr-soft-matte-longwear-foundation-P87985432?skuId=2164689,2,i have oily skin and acne and this was so patchy and drying in my skin. it gave my face like no coverage. it made my makeup look rlly bad. the shade range is amazing tho!! it wasent for me!,2023-11-16T16:04:33.000+00:00
sephora,Fenty Beauty,Pro Filt'r - 495 Very Deep Cool,https://www.sephora.com/product/pro-filtr-soft-matte-longwear-foundation-P87985432?skuId=2164689,5,"So, Robyn in Sephora helped me found THE perfect match for my foundation. I must say I’m in love with the foundation…. It’s lightweight l, blends in very well and gives that natural look we all want!!!  product so much that I slept",2023-11-15T13:11:22.000+00:00
sephora,Fenty Beauty,Pro Filt'r - 495 Very Deep Cool,https://www.sephora.com/product/pro-filtr-soft-matte-longwear-foundation-P87985432?skuId=2164689,4,"This colour matches my skin exactly! It is very comfortable to wear. It melts into my skin and looks like I am not wearing any makeup. It wears well in the spring and summer. I get dry skin in fall winter so I switch to their stick, which is great.",2023-11-14T14:17:53.000+00:00
sephora,Fenty Beauty,Pro Filt'r - 495 Very Deep Cool,https://www.sephora.com/product/pro-filtr-soft-matte-longwear-foundation-P87985432?skuId=2164689,1,Returned. I have oily skin and that foundation looked awful. It didn’t blend good and looked dry on the face.,2023-11-11T20:49:39.000+00:00
sephora,Fenty Beauty,Pro Filt'r - 495 Very Deep Cool,https://www.sephora.com/product/pro-filtr-soft-matte-longwear-foundation-P87985432?skuId=2164689,3,"This foundation definitely blurs pores which I loved, and it lasts for several hours on my oily skin, but it oxidizes quickly and ends up looking orange. If your skin has a more orange tone, this may work for you.",2023-11-11T20:02:29.000+00:00
sephora,Fenty Beauty,Pro Filt'r - 495 Very Deep Cool,https://www.sephora.com/product/pro-filtr-soft-matte-longwear-foundation-P87985432?skuId=2164689,1,"I really wanted to love this product. Especially since it came highly recommended, but I’ve worn it twice on my skin and it left my skin looking very Cakey and ashy looking. It looked like my skin was peeling. 

I was very self conscious at work and washed it all off at work and reapplied with oils to keep it moisturized, but it made no difference.

Looking at the pictures in other reviews about cakey and separating, it’s exactly what happened to me. 

I have a warm / neutral undertone and oily / combination skin. This product became cakey near my cheek/ nose area

I tried again",2023-11-11T19:01:22.000+00:00
sephora,Fenty Beauty,Pro Filt'r - 495 Very Deep Cool,https://www.sephora.com/product/pro-filtr-soft-matte-longwear-foundation-P87985432?skuId=2164689,5,"I dont normally write reviews, I just like to read others but today I figured I’d write one based off of my five year olds review. She was with me in the restroom while I was doing my makeup, she turned to look at me and said “your face doesn’t look so shiny anymore! It looks so soft! I just want to touch it!” So there you go, approved by a five year old and I couldn’t agree more with what she said. Not shiny, matte finish, happy momma!",2023-11-11T02:04:13.000+00:00
sephora,Fenty Beauty,Pro Filt'r - 495 Very Deep Cool,https://www.sephora.com/product/pro-filtr-soft-matte-longwear-foundation-P87985432?skuId=2164689,5,"I am in love with this foundation! I have normal skin. I love using my beauty blender with some setting spray to wet it and only use one pump of the foundation. You don't need a lot with this one which I love. It covers everything and lasts me all day! I use sunscreen and moisturizer under it, sometimes a primer, and have never had issues with any. It dries fast which I also enjoy and I don't need setting powder like I do for a lot of other foundations. I sometimes also apply this foundation with a brush, and it goes on thicker if I am looking for a more intense look, but I definitely recommend a wet beauty blender if you are looking for something lighter and more natural. It doesn't break me out at all either, another bonus! All of my friends love this as well. I was shocked to see some bad reviews.",2023-11-09T22:26:01.000+00:00
sephora,Fenty Beauty,Pro Filt'r - 495 Very Deep Cool,https://www.sephora.com/product/pro-filtr-soft-matte-longwear-foundation-P87985432?skuId=2164689,5,"My first bottle , I love it! A little expensive but worth it",2023-11-08T18:00:44.000+00:00
sephora,Fenty Beauty,Pro Filt'r - 495 Very Deep Cool,https://www.sephora.com/product/pro-filtr-soft-matte-longwear-foundation-P87985432?skuId=2164689,5,I REALLY LIKE THIS FOUNDATION. DOESNT FEEL CAKE LIKE,2023-11-07T17:58:41.000+00:00
sephora,Fenty Beauty,Pro Filt'r - 495 Very Deep Cool,https://www.sephora.com/product/pro-filtr-soft-matte-longwear-foundation-P87985432?skuId=2164689,4,I bought the mini size. I was very hesitant because the reviews are all over the place. I’ve used the skin tint and I love it but I wanted something a little more bit more coverage. I’ve tried some other brands and couldn’t seem to find something that I’ve liked. I don’t want super matte but I don’t want dewy. I just want it to look like my skin. I really don’t need a ton of coverage but I wanted it to even out my skin since I have some redness. I’m dry but I tend to get oily throughout the day so it’s been hard to find something. I’ve used this for only a few days and I’m loving it. I use a damp beauty blender and that seems to blend it in really nicely. I haven’t used a brush yet but I do find you have to worked quickly to blend it in. I don’t use much!! I definitely can make it fuller coverage if I wanted.,2023-11-07T14:53:39.000+00:00
sephora,Fenty Beauty,Pro Filt'r - 495 Very Deep Cool,https://www.sephora.com/product/pro-filtr-soft-matte-longwear-foundation-P87985432?skuId=2164689,2,Not riri’s best product. I prefer her hydrating foundation which I noticed is no longer on sephora’s website. Ive stocked up on the hydrating one buying it off the fenty site. This foundation isnt good though,2023-11-07T11:31:17.000+00:00
sephora,Fenty Beauty,Pro Filt'r - 495 Very Deep Cool,https://www.sephora.com/product/pro-filtr-soft-matte-longwear-foundation-P87985432?skuId=2164689,3,"I’ve been using this foundation for a few months and have come to the conclusion that you need to be sending prayers and casting spells to make it consistently work for you. Even after using this multiple times per week I still have days where I struggle to make it look nice and even. 
It digs DEEP in your pores. Makes the area between my under eye and the sides of my nose look CRAZY with bright white spots if my skin isn’t perfectly hydrated and heavily primed.
Good luck if you think you can blend it out at this point. I was taken aback my how quickly it dries, and once it’s on it is not budging. Not a beginner’s foundation by a long shot. You need to go in with a master’s understanding of your skin condition and placement, because it is not forgiving or consistent. If it’s dry and you want to blend it out to make it softer it just pills with any top layer of skin or dried product you’ve put down. I don’t have the skin type to be using exfoliants as often as is required to make this foundation flawless. 
All that being said coverage is so good and it’s been such a struggle to find foundations in my shade (super pale and very cool toned). I continue to use this for concealer, but I’m thinking of phasing it out in favour of a formulation that’s easier to work with.",2023-11-05T20:15:49.000+00:00
sephora,Fenty Beauty,Pro Filt'r - 495 Very Deep Cool,https://www.sephora.com/product/pro-filtr-soft-matte-longwear-foundation-P87985432?skuId=2164689,5,for the matte girlies!! if you like full coverage and long lasting foundation this one is so worth it. doesnt separate weirdly or sink into pores. its just so good. i wear this at work for 8+ hours bartending snd my makeup looks great at the end of the night.,2023-11-04T20:58:15.000+00:00
sephora,Fenty Beauty,Pro Filt'r - 495 Very Deep Cool,https://www.sephora.com/product/pro-filtr-soft-matte-longwear-foundation-P87985432?skuId=2164689,2,I was not a fan of this product.  I was recommended this product as I used to use the smashbox foundation that got discontinued and I won't be purchasing again. It's very runny to the point where it clogs up my thick bristled makeup brush and my other foundation never did that.  This is buildable but if you like full coverage you will end up wasting money and running through this bottle quickly just to get the full coverage you want.,2023-11-04T06:04:31.000+00:00
sephora,Fenty Beauty,Pro Filt'r - 495 Very Deep Cool,https://www.sephora.com/product/pro-filtr-soft-matte-longwear-foundation-P87985432?skuId=2164689,1,This was a miss for me . Very disappointed it did not work. Dry and even with all the proper steps for prepping my skin I just could not make it work the shade 200 pulled so orange on me! Settled and caked the cake in not not a good way:(,2023-11-04T02:05:15.000+00:00
sephora,Fenty Beauty,Pro Filt'r - 495 Very Deep Cool,https://www.sephora.com/product/pro-filtr-soft-matte-longwear-foundation-P87985432?skuId=2164689,5,I am a ballerina so I'm on stage and sweating so I need a long ware and MATTE foundation and this is exactly that!,2023-11-03T17:25:07.000+00:00
sephora,Fenty Beauty,Pro Filt'r - 495 Very Deep Cool,https://www.sephora.com/product/pro-filtr-soft-matte-longwear-foundation-P87985432?skuId=2164689,5,The coverage is great and it is not a heavy feeling on my face. The bonus about this product is that it does not test on animals.,2023-11-03T02:18:10.000+00:00
sephora,Fenty Beauty,Pro Filt'r - 495 Very Deep Cool,https://www.sephora.com/product/pro-filtr-soft-matte-longwear-foundation-P87985432?skuId=2164689,3,"The coverage is great, but it does dry very fast so it is difficult to blend out.",2023-11-02T16:47:09.000+00:00
sephora,Fenty Beauty,Pro Filt'r - 495 Very Deep Cool,https://www.sephora.com/product/pro-filtr-soft-matte-longwear-foundation-P87985432?skuId=2164689,3,"I was excited to buy this foundation because of the reviews it got and it’s not bad, but it’s not good either. It goes on beautifully on application, however, it oxidizes throughout the day and it makes me look weird",2023-11-02T06:40:18.000+00:00
sephora,Fenty Beauty,Pro Filt'r - 495 Very Deep Cool,https://www.sephora.com/product/pro-filtr-soft-matte-longwear-foundation-P87985432?skuId=2164689,2,"Shade match wise- it’s wasn’t too bad, but oh my goodness, it stuck to my pores so badly ahah! And yes, I did wash my face, moisturize, all the good stuff, it just wasn’t for my face and that’s okay!",2023-10-29T23:42:31.000+00:00
sephora,Fenty Beauty,Pro Filt'r - 495 Very Deep Cool,https://www.sephora.com/product/pro-filtr-soft-matte-longwear-foundation-P87985432?skuId=2164689,1,"After using this product for a few weeks. I can honestly say I didn't like it. I tried to like it 💔 It drys out my skin. No matter how much primer/moisturizer I use, it is still patchy and dry, and my pores stand out.",2023-10-27T05:45:25.000+00:00
sephora,Fenty Beauty,Pro Filt'r - 495 Very Deep Cool,https://www.sephora.com/product/pro-filtr-soft-matte-longwear-foundation-P87985432?skuId=2164689,5,"After years of contemplating if I should buy this or not, I finally did! 10/10!",2023-10-27T03:40:45.000+00:00
sephora,Fenty Beauty,Pro Filt'r - 495 Very Deep Cool,https://www.sephora.com/product/pro-filtr-soft-matte-longwear-foundation-P87985432?skuId=2164689,3,As much as I wanted to like this foundation I just found it to be very patchy on the skin. I tried using different primers to see if that was my primary issue but it wasn’t. Now I’m sad I can’t return it anymore :(,2023-10-24T23:53:09.000+00:00
sephora,Fenty Beauty,Pro Filt'r - 495 Very Deep Cool,https://www.sephora.com/product/pro-filtr-soft-matte-longwear-foundation-P87985432?skuId=2164689,5,I’ve purchased this foundation time and time again. I recommend it to everyone I know. It applies and wears so well.,2023-10-24T22:04:19.000+00:00
sephora,Fenty Beauty,Pro Filt'r - 495 Very Deep Cool,https://www.sephora.com/product/pro-filtr-soft-matte-longwear-foundation-P87985432?skuId=2164689,1,"I was so excited to try this. However, I found it very dry. And no, I dont have dry skin. I definitely don't recommend. Not for me, I found a different foundation I liked better than this brand.",2023-10-22T03:04:09.000+00:00
sephora,Fenty Beauty,Pro Filt'r - 495 Very Deep Cool,https://www.sephora.com/product/pro-filtr-soft-matte-longwear-foundation-P87985432?skuId=2164689,1,"Leaves ur makeup patchy and cakey. Makes you break out and I even got a bad allergic reaction to it , was so sad because everyone says this foundation is so good but I did not like it at ALL. 0/10",2023-10-22T02:58:20.000+00:00
sephora,Fenty Beauty,Pro Filt'r - 495 Very Deep Cool,https://www.sephora.com/product/pro-filtr-soft-matte-longwear-foundation-P87985432?skuId=2164689,4,This foundation is wonderful! The best indicator for me was the lack of smudging on my nose from wearing my sunglasses. It does not separate or smudge at all.,2023-10-19T17:36:39.000+00:00
sephora,Fenty Beauty,Pro Filt'r - 495 Very Deep Cool,https://www.sephora.com/product/pro-filtr-soft-matte-longwear-foundation-P87985432?skuId=2164689,5,"Great product excellent coverage, not oily, easy to apply, definitely will buy it again.",2023-10-19T15:17:19.000+00:00
sephora,Fenty Beauty,Pro Filt'r - 495 Very Deep Cool,https://www.sephora.com/product/pro-filtr-soft-matte-longwear-foundation-P87985432?skuId=2164689,5,I have tried about a dozen different foundations (all more expensive than this on) on my combination skin and this is the only one that stays on my face all day. Will use this foundation for as long as it is sold.,2023-10-16T15:51:01.000+00:00
sephora,Fenty Beauty,Pro Filt'r - 495 Very Deep Cool,https://www.sephora.com/product/pro-filtr-soft-matte-longwear-foundation-P87985432?skuId=2164689,1,"Unfortunately I agree with the other reviewers that say it separates really bad. It separates immediately and just keeps getting worse throughout the day. I’ve tried it a few times with a bunch of different primers, brushes, beauty blenders, and even just fingers and it’s just not good. I’m going to return it",2023-10-16T12:24:50.000+00:00
sephora,Fenty Beauty,Pro Filt'r - 495 Very Deep Cool,https://www.sephora.com/product/pro-filtr-soft-matte-longwear-foundation-P87985432?skuId=2164689,4,for my oily skin this KEEEEPS the base stuck to my face and not melt into my oily skin,2023-10-16T03:19:46.000+00:00
sephora,Fenty Beauty,Pro Filt'r - 495 Very Deep Cool,https://www.sephora.com/product/pro-filtr-soft-matte-longwear-foundation-P87985432?skuId=2164689,5,"I jsut upgraded my makeuo this April and have loved Fenty! Started with the skin tint and now use the Pro Filt'r foundation and Im obsessed! So smooth, light as air and long wearing!! Works so well with my drugstore products too! 😍",2023-10-13T17:52:06.000+00:00
sephora,Fenty Beauty,Pro Filt'r - 495 Very Deep Cool,https://www.sephora.com/product/pro-filtr-soft-matte-longwear-foundation-P87985432?skuId=2164689,2,It separates when you apply it. I’ve tried every primer and moisturizer but it still separates.,2023-10-12T22:56:29.000+00:00
sephora,Fenty Beauty,Pro Filt'r - 495 Very Deep Cool,https://www.sephora.com/product/pro-filtr-soft-matte-longwear-foundation-P87985432?skuId=2164689,5,"I first started using Fenty Beauty in July 2020. I have tried other makeup brands but I always end up using Fenty products. This foundation is always my go-to when I'm going full glam. I'm a Latina from Puerto Rico and I live in PA so my complexion changes from 185 in the winter to 200 in the summertime.
This foundation will last all day with no issues for me.
I highly recommend this product.",2023-10-12T22:50:23.000+00:00
sephora,Fenty Beauty,Pro Filt'r - 495 Very Deep Cool,https://www.sephora.com/product/pro-filtr-soft-matte-longwear-foundation-P87985432?skuId=2164689,5,"I first started using Fenty Beauty in July 2020. I have tried other makeup brands but I always end up using Fenty products. This foundation is always my go-to when I'm going full glam. I'm a Latina from Puerto Rico and I live in PA so my complexion changes from 185 in the winter to 200 in the summertime.
This foundation will last all day with no issues for me.
I highly recommend this product.",2023-10-12T22:48:34.000+00:00
sephora,Fenty Beauty,Pro Filt'r - 495 Very Deep Cool,https://www.sephora.com/product/pro-filtr-soft-matte-longwear-foundation-P87985432?skuId=2164689,5,"So happy I got this foundation, I use maybe 6-8 small dots around my whole face & it blended beautifully with no lines or creases. The color was so perfect and covered my few small scratches so good I almost forgot I had applied my liquid layer , highly recommend for anyone of any color !",2023-10-12T13:09:38.000+00:00
sephora,Fenty Beauty,Pro Filt'r - 495 Very Deep Cool,https://www.sephora.com/product/pro-filtr-soft-matte-longwear-foundation-P87985432?skuId=2164689,5,"i’m autistic and i have oily, sensitive skin. so i hate the feeling of foundation. but this had such nice coverage while also feeling lightweight on my skin. i was skeptical at first but i was very happy with how my face felt and looked. this is Autistic Person Approved!but i",2023-10-12T00:29:14.000+00:00
sephora,Fenty Beauty,Pro Filt'r - 495 Very Deep Cool,https://www.sephora.com/product/pro-filtr-soft-matte-longwear-foundation-P87985432?skuId=2164689,5,First foundation I’m in love with! I put it on and it matches perfectly to make me look like I’m not wearing makeup. Run to get this! It helps to bring out my glow and my makeup. Love 💗,2023-10-09T23:36:25.000+00:00
sephora,Fenty Beauty,Pro Filt'r - 495 Very Deep Cool,https://www.sephora.com/product/pro-filtr-soft-matte-longwear-foundation-P87985432?skuId=2164689,1,Trash. Does not even last more than 2 hours without breaking up. Super disappointed this company has money to create the best formulas in the world. ESTE LAUDER is where you should spend your money.,2023-10-07T02:05:39.000+00:00
sephora,Fenty Beauty,Pro Filt'r - 495 Very Deep Cool,https://www.sephora.com/product/pro-filtr-soft-matte-longwear-foundation-P87985432?skuId=2164689,3,At first i didn’t like it but i just needed the right moisturizer and worked great flawless base,2023-10-04T20:56:45.000+00:00
sephora,Fenty Beauty,Pro Filt'r - 495 Very Deep Cool,https://www.sephora.com/product/pro-filtr-soft-matte-longwear-foundation-P87985432?skuId=2164689,3,Not great for dry skin as this foundation matte. Left me with a cakey finish.,2023-10-03T19:19:26.000+00:00
sephora,Fenty Beauty,Pro Filt'r - 495 Very Deep Cool,https://www.sephora.com/product/pro-filtr-soft-matte-longwear-foundation-P87985432?skuId=2164689,5,"This is beautiful on my skin. I am handsome and content with the results. Maybe people that don’t like it grabbed an expired bottle. My favorite brands are Dior, Fenty, and ELF.",2023-10-03T09:39:26.000+00:00
sephora,Fenty Beauty,Pro Filt'r - 495 Very Deep Cool,https://www.sephora.com/product/pro-filtr-soft-matte-longwear-foundation-P87985432?skuId=2164689,2,"The foundation I tried was disappointing. Its coverage was patchy and it didn't blend well, leaving my skin looking uneven and dull. Even the packing was garbage, the lid of same primer and foundation broke after few days",2023-10-01T07:03:17.000+00:00
sephora,Fenty Beauty,Pro Filt'r - 495 Very Deep Cool,https://www.sephora.com/product/pro-filtr-soft-matte-longwear-foundation-P87985432?skuId=2164689,1,"Easily becomes cakey. I use 1 pump on my whole face to get as little product as possible on my face. Even when I apply the bare minimum, it still cracks and creases throughout the day. And it rubs off SO easily. I blow my nose, product comes completely off. I lightly scratch my face, product comes off completely. It rubs off on every single thing. I wanted to love this but I hate it! Will never buy again.",2023-09-29T12:13:13.000+00:00
sephora,Fenty Beauty,Pro Filt'r - 495 Very Deep Cool,https://www.sephora.com/product/pro-filtr-soft-matte-longwear-foundation-P87985432?skuId=2164689,5,Awesome product. My first fenty foundation and I must say this won me over. Changing all my other products over.,2023-09-28T14:20:24.000+00:00
sephora,Fenty Beauty,Pro Filt'r - 495 Very Deep Cool,https://www.sephora.com/product/pro-filtr-soft-matte-longwear-foundation-P87985432?skuId=2164689,4,I bought 2 foundations from fenty because they really didn’t have my correct shade but I use one for winter and 1 for summer time. The oxidation don’t mind me because it works well imo.,2023-09-28T03:38:37.000+00:00
sephora,Fenty Beauty,Pro Filt'r - 495 Very Deep Cool,https://www.sephora.com/product/pro-filtr-soft-matte-longwear-foundation-P87985432?skuId=2164689,5,"I hadn’t tried this foundation since it first launched in 2017-2018. Previously it didn’t work for me because it oxidized badly. I ended up trying it out again after they came out with some new shades, I got shade 125 and it is perfection. I do have decent skin, with a tendency to lean dry. I make sure to exfoliate (dr gross peel pads) and I apply a THICC moisturizer (Skinfix) before putting this foundation on. I don’t even use a primer and it looks so airbrushed and perfect. I picked up the new Sephora pro brush #60 for this… I didn’t think it could get any better but it did! Full coverage mattes work best for people who have a solid skincare regimen. “Cakey-ness” is a result of lacking exfoliation and/or using the wrong type of moisturizer.",2023-09-26T19:00:48.000+00:00
sephora,Fenty Beauty,Pro Filt'r - 495 Very Deep Cool,https://www.sephora.com/product/pro-filtr-soft-matte-longwear-foundation-P87985432?skuId=2164689,3,"This is my second bottle of the foundation. The first one I bought was shade 100 and it was pure magic. It looked like skin and would last 12+ hours without moving on my oily skin. The color didn't match my neck, so I decided to purchase shade 110 when I saw it was on sale. That shade had a completely different formula. It was very runny and liquidy while the 100 was thicker and after pumping would hold a pea shape. I tried to make it work, but it would settle in my pores and become a patchy mess on my face. It didn't look good from start to finish. Now I'm scared to repurchase again, I think I would only buy it in store after making sure it's the correct formula.
On the picture left side is 110, right is 100",2023-09-26T00:48:22.000+00:00
sephora,Fenty Beauty,Pro Filt'r - 495 Very Deep Cool,https://www.sephora.com/product/pro-filtr-soft-matte-longwear-foundation-P87985432?skuId=2164689,1,"Horrible. I tried twice and had to wash it off. I used the Onesize primer. It did not blend well and pilled up like crazy. Also, the color was very yellowish.",2023-09-22T21:44:59.000+00:00
sephora,Fenty Beauty,Pro Filt'r - 495 Very Deep Cool,https://www.sephora.com/product/pro-filtr-soft-matte-longwear-foundation-P87985432?skuId=2164689,1,"$40 wasted, this foundation left my skin looking cakey. I even mixed with serum and the texture is really bad. Only use it twice and threw it away.",2023-09-20T11:04:45.000+00:00
sephora,Fenty Beauty,Pro Filt'r - 495 Very Deep Cool,https://www.sephora.com/product/pro-filtr-soft-matte-longwear-foundation-P87985432?skuId=2164689,5,"(Picture is without foundation and after a long day and night out)

I have been using Fenty for about 2 years now and I absolutely LOVE the coverage. It goes on smooth and you don’t need much. A bottle lasts me about a month. I use maybe 2 squirts and everything is covered! I’ve seen a significant difference in my skin since using Fenty and I will probably always use it for my daily makeup.",2023-09-19T11:35:18.000+00:00
sephora,Fenty Beauty,Pro Filt'r - 495 Very Deep Cool,https://www.sephora.com/product/pro-filtr-soft-matte-longwear-foundation-P87985432?skuId=2164689,5,Perfect for my skin tone when I have a double complexion,2023-09-19T02:00:35.000+00:00
sephora,Fenty Beauty,Pro Filt'r - 495 Very Deep Cool,https://www.sephora.com/product/pro-filtr-soft-matte-longwear-foundation-P87985432?skuId=2164689,5,This is a really great foundation for combination skin and it wasn’t hard finding my perfect match seeing there are so many colours there are a lot of different shades to choose from. Everyone says that it makes them look cakey all you need to do is put the right amount of foundation on to get that non cakey look I always start off with one pump as it says in the description for medium to full coverage my face only being small I only usually use a pump and a half it all depends on how much you put on your face less is more to get the look you want to achieve I have even worn it on very hot days and I like that it stays out and I also use the powder foundation in the same shade to touch up my t-zone throughout the day which is perfect I am glad I tried this foundation even though there were a lot of negative reviews it is always best to try it for yourself first I also match the concealer too it’s perfect in every way!,2023-09-16T18:46:53.000+00:00
sephora,Fenty Beauty,Pro Filt'r - 495 Very Deep Cool,https://www.sephora.com/product/pro-filtr-soft-matte-longwear-foundation-P87985432?skuId=2164689,4,After using this product for the past 2 months I am in love with it.It would have lasted me 4 months or 3 but I broke it and I had to get one fast I am just astonished by the full coverage ￼and the way it blends into my skin is shocking!!,2023-09-16T17:07:22.000+00:00
sephora,Fenty Beauty,Pro Filt'r - 495 Very Deep Cool,https://www.sephora.com/product/pro-filtr-soft-matte-longwear-foundation-P87985432?skuId=2164689,5,"Do the switch! When Lancôme re-did their color line, my shade of 410 Bisque W was discontinued. I took my bottle of it into the store and tried every literal like swabbing it next to my Lancôme bottle and Fenty is the ONLY brand that matched. 

What’s better, is it covers more but somehow feels silkier and less heavy…..AND almost $20/bottle less!  🤯 

I’m so happy with this switch and my skin hasn’t broken out at all (normal/combo skin).",2023-09-15T19:20:40.000+00:00
sephora,Fenty Beauty,Pro Filt'r - 495 Very Deep Cool,https://www.sephora.com/product/pro-filtr-soft-matte-longwear-foundation-P87985432?skuId=2164689,3,"wanted to love this. no matter what i wear underneath, this foundation clings to my dry patches and separated and pills. i just look so cakes the moment i step outside. i’ve got lots of  and acne scarring, and the coverage was lighter than what i expected from the description. would not repurchaseacne s",2023-09-13T04:11:09.000+00:00
sephora,Fenty Beauty,Pro Filt'r - 495 Very Deep Cool,https://www.sephora.com/product/pro-filtr-soft-matte-longwear-foundation-P87985432?skuId=2164689,5,Best foundation I’ve ever had it’s smooth and it doesn’t get patchy,2023-09-13T03:17:50.000+00:00
sephora,Fenty Beauty,Pro Filt'r - 495 Very Deep Cool,https://www.sephora.com/product/pro-filtr-soft-matte-longwear-foundation-P87985432?skuId=2164689,1,"I love the idea of the range of shades Fenty Beauty foundation offers, but the quality of this foundation feels too dry on my skin when I apply it compared to other brands.",2023-09-11T23:53:18.000+00:00
sephora,Fenty Beauty,Pro Filt'r - 495 Very Deep Cool,https://www.sephora.com/product/pro-filtr-soft-matte-longwear-foundation-P87985432?skuId=2164689,1,"I have given this foundation too many chances & every time I'm disappointed! I have oily skin, but this foundation is super drying & separates no matter what i put on my skin before. It just looks bad.",2023-09-09T20:58:36.000+00:00
sephora,Fenty Beauty,Pro Filt'r - 495 Very Deep Cool,https://www.sephora.com/product/pro-filtr-soft-matte-longwear-foundation-P87985432?skuId=2164689,3,Love it lightweight and full coverage u will have to use a lot tho,2023-09-09T06:58:11.000+00:00
sephora,Fenty Beauty,Pro Filt'r - 495 Very Deep Cool,https://www.sephora.com/product/pro-filtr-soft-matte-longwear-foundation-P87985432?skuId=2164689,5,A Sephora employee help select the color. And it is perfect. Plus the product helps prevent my skin from looking oily and shiny. Love this product!,2023-09-08T16:41:15.000+00:00
sephora,Fenty Beauty,Pro Filt'r - 495 Very Deep Cool,https://www.sephora.com/product/pro-filtr-soft-matte-longwear-foundation-P87985432?skuId=2164689,4,"This foundation will work if you have oily or maybe combination skin my skin is on the dry side ( im 54), so I moisturize my skin well and it works for me I cannot speak about it settling into lines im fortunate with over 30 years of retin a use to not have any. Even with the new shades added I have to use two of these foundations (445 450)to get my perfect match.  Overall I am happy with this foundation It holds up great in the heat it looks natural and it does not rub off all over the place, Even though I have to use two shades I will continue to buy them.",2023-09-05T20:18:02.000+00:00
sephora,Fenty Beauty,Pro Filt'r - 495 Very Deep Cool,https://www.sephora.com/product/pro-filtr-soft-matte-longwear-foundation-P87985432?skuId=2164689,5,What I love about this product is how light it is. I have very sensitive skin. In that I can usually always tell when I'm wearing make up. Even moisturizer can leave a sensation as it absorbs and a little after. So for me anything that I can almost forget I'm wearing is a big bonus. It really helps me feel more comfortable and confident in my makeup.,2023-09-05T18:44:06.000+00:00
sephora,Fenty Beauty,Pro Filt'r - 495 Very Deep Cool,https://www.sephora.com/product/pro-filtr-soft-matte-longwear-foundation-P87985432?skuId=2164689,1,"I didn’t like this foundation at all. It’s nearly impossible to blend, separates, and looks cakey on the skin. I had to take it off immediately after applying because of how horribly it blended.",2023-09-05T03:18:28.000+00:00
sephora,Fenty Beauty,Pro Filt'r - 495 Very Deep Cool,https://www.sephora.com/product/pro-filtr-soft-matte-longwear-foundation-P87985432?skuId=2164689,5,"This is by far one my most favorite foundations.   
I am 53 with very oily skin on my cheeks and t-zone with texture issues.  I was afraid that this 

foundation would emphasize issues and make me 
look valet.  To my surprise quite the contrary.  It has a smooth finish.  Evens out my skin beautifully and lasts all day.  Do not wear with her primer it disrupts the finish.  I do like wearing the Milk mattifying primer",2023-09-04T15:31:13.000+00:00
sephora,Fenty Beauty,Pro Filt'r - 495 Very Deep Cool,https://www.sephora.com/product/pro-filtr-soft-matte-longwear-foundation-P87985432?skuId=2164689,2,"I didn’t find this to be long wearing or mattifying, even with a good primer underneath . It crept into my pores as the day went on and the coverage isn’t great either.",2023-09-03T19:40:14.000+00:00
sephora,Fenty Beauty,Pro Filt'r - 495 Very Deep Cool,https://www.sephora.com/product/pro-filtr-soft-matte-longwear-foundation-P87985432?skuId=2164689,1,"didn’t blend out, looked cakey, and ran off my face! definitely was not meant for my skin type/tone.",2023-09-03T19:39:03.000+00:00
sephora,Fenty Beauty,Pro Filt'r - 495 Very Deep Cool,https://www.sephora.com/product/pro-filtr-soft-matte-longwear-foundation-P87985432?skuId=2164689,5,I bought this product when it came out and it’s blended so well with my skin. I repurchased,2023-09-02T16:21:45.000+00:00
sephora,Fenty Beauty,Pro Filt'r - 495 Very Deep Cool,https://www.sephora.com/product/pro-filtr-soft-matte-longwear-foundation-P87985432?skuId=2164689,4,"So, I went into sephora trying to find a foundation! I always love fenty beauty’s things and I had previously had one of their foundations. But, my skin lightened from me not being outside as much as I used to. So, I needed to find another and I asked a store employee. I wanted something that felt light but didn’t look cakey! She helped me pick out this foundation while using a sponge. It blended perfectly into my skin! Perfectly! I’m telling you, you couldn’t tell it was on my face! I love it so much!",2023-09-01T05:59:37.000+00:00
sephora,Fenty Beauty,Pro Filt'r - 495 Very Deep Cool,https://www.sephora.com/product/pro-filtr-soft-matte-longwear-foundation-P87985432?skuId=2164689,4,"Perfect color. My only real issue is that since it is matte, it kinda settles into my fine lines. I'm older, but I have oily skin so matte is my go to. But, as usual Fenty is my go to brand.",2023-08-29T19:56:36.000+00:00
